{
  "bigmap": [
    {
      "x": -237.231491,
      "y": 1.75956392,
      "z": -120.84491
    },
    {
      "x": -333.538757,
      "y": 1.2834585,
      "z": -193.426743
    },
    {
      "x": -330.967346,
      "y": 0.7311232,
      "z": -148.138031
    },
    {
      "x": -320.449768,
      "y": -0.1416501,
      "z": -67.51158
    },
    {
      "x": 494.7378,
      "y": 2.0099400000000003,
      "z": 214.363235
    },
    {
      "x": 406.431763,
      "y": 13.6794415,
      "z": 205.624054
    },
    {
      "x": 565.3794,
      "y": 13.6622076,
      "z": 176.73848
    },
    {
      "x": 670.381958,
      "y": 4.553419,
      "z": 116.672173
    },
    {
      "x": 648.4502,
      "y": 0.884521127,
      "z": 110.214828
    },
    {
      "x": 648.0046,
      "y": 1.60148263,
      "z": -144.927017
    },
    {
      "x": 607.7813,
      "y": 1.9404974,
      "z": -131.76033
    },
    {
      "x": 353.7437,
      "y": 1.67306828,
      "z": -182.096039
    }
  ],
  "factory4_day": [],
  "factory4_night": [],
  "interchange": [
    {
      "x": 281.41922,
      "y": 21.82544,
      "z": 350.742
    },
    {
      "x": 485.793152,
      "y": 19.02228,
      "z": -376.709045
    },
    {
      "x": -244.620956,
      "y": 21.9201584,
      "z": -249.0072
    }
  ],
  "laboratory": [],
  "lighthouse": [
    {
      "x": -6.39022541,
      "y": 0.612077177,
      "z": 582.3435
    },
    {
      "x": 151.168228,
      "y": 1.59125161,
      "z": 332.439056
    },
    {
      "x": 146.495163,
      "y": 0.8794734479999999,
      "z": -160.836212
    }
  ],
  "rezervbase": [
    {
      "x": 233.31601,
      "y": -10.2675419,
      "z": -4.18630457
    },
    {
      "x": 139.089874,
      "y": -10.305027,
      "z": 23.3623848
    },
    {
      "x": 56.89732,
      "y": -6.44232559,
      "z": 137.955032
    }
  ],
  "shoreline": [
    {
      "x": 257.83,
      "y": -53.64759,
      "z": -104.635
    },
    {
      "x": 155.2863,
      "y": -33.8709831,
      "z": -282.204285
    },
    {
      "x": 249.29483,
      "y": -64.13083,
      "z": 450.0022
    },
    {
      "x": -529.4264,
      "y": -18.0687866,
      "z": -338.916351
    }
  ],
  "tarkovstreets": [],
  "woods": [
    {
      "x": -255.085876,
      "y": 18.7673836,
      "z": -657.3163
    },
    {
      "x": 216.3761,
      "y": 11.7787333,
      "z": -831.962036
    },
    {
      "x": -629.5677,
      "y": 13.3888264,
      "z": -257.016571
    },
    {
      "x": -602.1799,
      "y": 24.6817856,
      "z": -154.038223
    },
    {
      "x": 253.6307,
      "y": -10.6299782,
      "z": 331.7935
    }
  ],
  "sandbox": [
    {
      "x": 12.19389,
      "y": 23.9751911,
      "z": 157.1094
    },
    {
      "x": 109.844994,
      "y": 23.96955,
      "z": 304.835266
    },
    {
      "x": 139.231842,
      "y": 23.92805,
      "z": 275.822052
    },
    {
      "x": 120.96067,
      "y": 28.6914253,
      "z": 285.82135
    },
    {
      "x": 147.699371,
      "y": 23.2307129,
      "z": 255.266312
    },
    {
      "x": 5.82757664,
      "y": 23.2639179,
      "z": 330.428345
    },
    {
      "x": -11.9459629,
      "y": 24.33598,
      "z": -57.9175034
    },
    {
      "x": 207.106964,
      "y": 16.67053,
      "z": 37.7381
    },
    {
      "x": 181.100342,
      "y": 16.74511,
      "z": 125.971664
    }
  ],
  "sandbox_high": [
    {
      "x": 12.19389,
      "y": 23.9751911,
      "z": 157.1094
    },
    {
      "x": 109.844994,
      "y": 23.96955,
      "z": 304.835266
    },
    {
      "x": 139.231842,
      "y": 23.92805,
      "z": 275.822052
    },
    {
      "x": 120.96067,
      "y": 28.6914253,
      "z": 285.82135
    },
    {
      "x": 147.699371,
      "y": 23.2307129,
      "z": 255.266312
    },
    {
      "x": 5.82757664,
      "y": 23.2639179,
      "z": 330.428345
    },
    {
      "x": -11.9459629,
      "y": 24.33598,
      "z": -57.9175034
    },
    {
      "x": 207.106964,
      "y": 16.67053,
      "z": 37.7381
    },
    {
      "x": 181.100342,
      "y": 16.74511,
      "z": 125.971664
    }
  ]
}