{
  "live-like": {},
  "quiet-raids": {
    "disableCascadingSpawns": true,
    "scavGroupChance": 0.1,
    "scavMaxGroupSize": 2,
    "pmcGroupChance": 0.1,
    "pmcMaxGroupSize": 2,
    "scavWaveQuantity": 0.7,
    "pmcWaveQuantity": 0.6,
    "mainBossChanceBuff": 0
  },
  "more-scavs": {
    "scavGroupChance": 0.5,
    "scavMaxGroupSize": 5,
    "scavWaveQuantity": 1.2
  },
  "more-pmcs": {
    "pmcGroupChance": 0.5,
    "pmcMaxGroupSize": 5,
    "pmcWaveQuantity": 1.2
  },
  "more-scavs-and-pmcs": {
    "scavGroupChance": 0.7,
    "scavMaxGroupSize": 5,
    "pmcGroupChance": 0.8,
    "pmcMaxGroupSize": 5,
    "scavWaveQuantity": 1.2,
    "pmcWaveQuantity": 1.2,
    "mainBossChanceBuff": 25
  },
  "boss-invasion": {
    "bossOpenZones": true,
    "bossInvasion": true,
    "bossInvasionSpawnChance": 10,
    "mainBossChanceBuff": 25,
    "gradualBossInvasion": true
  },
  "rogue-invasion": {
    "randomRaiderGroup": true,
    "randomRaiderGroupChance": 100
  },
  "raider-invasion": {
    "randomRaiderGroup": true,
    "randomRaiderGroupChance": 100
  },
  "insanity": {
    "scavWaveQuantity": 1.3,
    "pmcWaveQuantity": 1.3,
    "scavGroupChance": 0.7,
    "pmcGroupChance": 0.8,
    "pmcMaxGroupSize": 6,
    "scavMaxGroupSize": 6,
    "sniperGroupChance": 0.5,
    "bossOpenZones": true,
    "randomRaiderGroup": true,
    "randomRaiderGroupChance": 50,
    "randomRogueGroup": true,
    "randomRogueGroupChance": 50,
    "mainBossChanceBuff": 50,
    "bossInvasion": true,
    "bossInvasionSpawnChance": 10
  },
  "main-boss-roaming": {
    "bossOpenZones": true,
    "mainBossChanceBuff": 35
  },
  "sniper-buddies": {
    "sniperMaxGroupSize": 2,
    "sniperGroupChance": 1
  }
}