{
  "bigmap": [
    {
      "x": -284.943146,
      "y": 1.4239985,
      "z": -136.588181
    },
    {
      "x": -304.006348,
      "y": 1.4297495,
      "z": -179.318909
    },
    {
      "x": -208.90892,
      "y": 1.77403331,
      "z": -225.2736
    },
    {
      "x": -237.128616,
      "y": 1.72657418,
      "z": -121.247658
    },
    {
      "x": -234.247025,
      "y": 1.93498886,
      "z": -151.727432
    },
    {
      "x": 457.799622,
      "y": 6.07589054,
      "z": 126.373367
    },
    {
      "x": 497.4013,
      "y": 13.7815294,
      "z": 133.515411
    },
    {
      "x": 513.3094,
      "y": 12.3549109,
      "z": 155.173431
    },
    {
      "x": 573.964539,
      "y": 10.860033,
      "z": 109.094734
    },
    {
      "x": 599.232056,
      "y": 6.82307,
      "z": 101.392273
    },
    {
      "x": 654.828369,
      "y": 1.66011035,
      "z": 77.30017
    },
    {
      "x": 624.695251,
      "y": -0.4742429,
      "z": 30.6330967
    },
    {
      "x": 643.2286,
      "y": 5.5803256,
      "z": 12.3052654
    },
    {
      "x": 650.086548,
      "y": 0.108204782,
      "z": -33.0176468
    },
    {
      "x": 605.179565,
      "y": 0.5171957985,
      "z": -12.2007494
    },
    {
      "x": 618.131348,
      "y": -0.102399766,
      "z": -86.60424
    },
    {
      "x": 540.1409,
      "y": 1.91840613,
      "z": -124.3964
    },
    {
      "x": 565.567566,
      "y": 4.530571,
      "z": -125.521751
    },
    {
      "x": 566.3823,
      "y": 7.17525959,
      "z": -49.90116
    },
    {
      "x": 562.5062,
      "y": 1.92474866,
      "z": -81.12562
    },
    {
      "x": 367.363861,
      "y": 1.84112751,
      "z": -99.93791
    },
    {
      "x": 317.8741,
      "y": 1.57443154,
      "z": -71.61143
    },
    {
      "x": 296.8635,
      "y": 1.63690567,
      "z": -35.6471
    },
    {
      "x": 275.538147,
      "y": 6.9441967,
      "z": -33.89297
    },
    {
      "x": 260.338928,
      "y": 2.03420162,
      "z": -66.23898
    },
    {
      "x": 190.591125,
      "y": 8.267894,
      "z": -103.392845
    },
    {
      "x": 213.910629,
      "y": 8.26133871,
      "z": -140.68988
    },
    {
      "x": 223.9906,
      "y": 1.64600563,
      "z": -244.305008
    },
    {
      "x": 183.847977,
      "y": 1.58706868,
      "z": -214.653824
    },
    {
      "x": 59.850563,
      "y": 1.59559584,
      "z": -170.731049
    },
    {
      "x": -59.9128723,
      "y": -6.22277355,
      "z": -160.477219
    },
    {
      "x": -102.996346,
      "y": -9.146751,
      "z": -39.917366
    },
    {
      "x": 134.103119,
      "y": 0.5236490928,
      "z": 72.98761
    },
    {
      "x": 109.656487,
      "y": 1.84072864,
      "z": -94.5954
    },
    {
      "x": 510.716064,
      "y": 6.323722,
      "z": -65.52496
    },
    {
      "x": 509.49527,
      "y": 1.5242126,
      "z": 28.2894745
    },
    {
      "x": 334.346222,
      "y": 6.820747,
      "z": 120.493515
    },
    {
      "x": 559.193054,
      "y": 4.6338954,
      "z": -150.453537
    },
    {
      "x": 519.3548,
      "y": 4.58627224,
      "z": -145.119415
    },
    {
      "x": 435.42157,
      "y": 4.595445,
      "z": -135.167938
    },
    {
      "x": 258.943359,
      "y": 2.73439646,
      "z": -196.011139
    },
    {
      "x": 79.89013,
      "y": 5.172777,
      "z": -161.127045
    },
    {
      "x": -200.951248,
      "y": 5.22553158,
      "z": -78.152626
    },
    {
      "x": -164.034973,
      "y": 3.62881374,
      "z": -143.72673
    },
    {
      "x": -152.506119,
      "y": 1.80959785,
      "z": -23.5344086
    },
    {
      "x": 138.431686,
      "y": -1.39192617,
      "z": 149.869308
    },
    {
      "x": 142.960464,
      "y": -1.4955076,
      "z": 199.643127
    },
    {
      "x": 370.805939,
      "y": 12.5912714,
      "z": 166.302643
    },
    {
      "x": 384.022247,
      "y": 9.518441,
      "z": 150.392975
    },
    {
      "x": 399.403229,
      "y": 12.4634857,
      "z": 192.232727
    },
    {
      "x": 421.795532,
      "y": 8.753826,
      "z": 194.022308
    },
    {
      "x": 484.7756,
      "y": 2.4937655899999998,
      "z": 181.999313
    },
    {
      "x": 552.7636,
      "y": 14.1131525,
      "z": 154.6426
    },
    {
      "x": 611.4055,
      "y": 6.81429625,
      "z": 121.44825
    },
    {
      "x": 622.02594,
      "y": -1.24542069,
      "z": 64.11434
    },
    {
      "x": 423.989471,
      "y": 1.3427196000000001,
      "z": -3.61689377
    },
    {
      "x": 366.947418,
      "y": 1.102021158,
      "z": 4.726229
    },
    {
      "x": 342.511871,
      "y": 1.59022391,
      "z": -19.0248528
    },
    {
      "x": 316.0861,
      "y": 4.67861271,
      "z": -14.7028484
    },
    {
      "x": 340.592377,
      "y": 4.56583929,
      "z": 64.40153
    },
    {
      "x": 380.688263,
      "y": 4.53000355,
      "z": 95.3672256
    },
    {
      "x": 297.7464,
      "y": 6.81623173,
      "z": 170.3272
    },
    {
      "x": 179.791748,
      "y": -1.34051752,
      "z": 78.20171
    },
    {
      "x": 202.187271,
      "y": -0.5058654499999999,
      "z": 146.521149
    },
    {
      "x": 210.978409,
      "y": -0.214001954,
      "z": 167.01918
    },
    {
      "x": 244.4779,
      "y": -0.21140579999999998,
      "z": 180.034119
    },
    {
      "x": 248.335678,
      "y": -0.18326884499999996,
      "z": 149.3474
    },
    {
      "x": 233.77446,
      "y": -0.17877864799999998,
      "z": 121.57341
    },
    {
      "x": 209.262527,
      "y": -0.23224129999999998,
      "z": 118.995377
    },
    {
      "x": 157.5238,
      "y": -0.48610830000000005,
      "z": 112.498535
    },
    {
      "x": 142.01239,
      "y": -0.86573565,
      "z": 125.039192
    },
    {
      "x": 95.45312,
      "y": -2.82561374,
      "z": 154.969
    },
    {
      "x": 60.5261574,
      "y": -3.904211,
      "z": 121.961784
    },
    {
      "x": 77.03402,
      "y": -2.85970068,
      "z": 85.12606
    }
  ],
  "factory4_day": [
    {
      "x": -31.5008049,
      "y": -2.09620523,
      "z": 32.2005348
    },
    {
      "x": -18.7847786,
      "y": -2.097631,
      "z": 40.29317
    },
    {
      "x": 16.9372578,
      "y": -2.08116531,
      "z": 40.84489
    },
    {
      "x": 23.5751019,
      "y": -2.101208,
      "z": 7.9283185
    },
    {
      "x": 19.4345531,
      "y": -2.101208,
      "z": -13.3914032
    },
    {
      "x": 27.6461773,
      "y": -2.101208,
      "z": -34.54554
    },
    {
      "x": 38.79806,
      "y": -2.09461427,
      "z": -18.6310368
    },
    {
      "x": 31.9105778,
      "y": 7.618354,
      "z": -32.1087
    },
    {
      "x": 30.08668,
      "y": 7.75526237,
      "z": -20.3167381
    },
    {
      "x": 21.4689655,
      "y": 8.888684,
      "z": 7.54276848
    },
    {
      "x": 6.222929,
      "y": 7.68675137,
      "z": 16.6077843
    },
    {
      "x": -22.1931133,
      "y": 7.98713732,
      "z": 11.6042461
    },
    {
      "x": 1.68692517,
      "y": 8.942114,
      "z": -11.3421993
    },
    {
      "x": -1.84703875,
      "y": 0.14306390000000002,
      "z": -47.23748
    },
    {
      "x": 18.9013824,
      "y": 0.16807422,
      "z": -45.4415
    },
    {
      "x": 33.5459023,
      "y": 4.09096456,
      "z": -20.01963
    },
    {
      "x": 34.1248779,
      "y": 4.0770335200000005,
      "z": -26.7420425
    },
    {
      "x": 33.72695,
      "y": 4.142160179999999,
      "z": -35.1665726
    },
    {
      "x": 52.81441,
      "y": 0.600790583,
      "z": -32.3851242
    },
    {
      "x": 65.46217,
      "y": 0.600790583,
      "z": -42.0289726
    },
    {
      "x": 72.72261,
      "y": 0.600790583,
      "z": -48.6636353
    },
    {
      "x": 69.30476,
      "y": 0.5511049777,
      "z": 16.7004738
    },
    {
      "x": 57.9490433,
      "y": -2.10287642,
      "z": 6.3532815
    },
    {
      "x": 69.21042,
      "y": 0.600287616,
      "z": 39.88715
    },
    {
      "x": 42.1991425,
      "y": 4.89614344,
      "z": 40.3816681
    },
    {
      "x": 14.3901482,
      "y": 8.633129,
      "z": 39.9571266
    },
    {
      "x": 18.1188564,
      "y": 5.063123,
      "z": 45.0536346
    },
    {
      "x": 32.0923347,
      "y": 5.085275,
      "z": 47.6640778
    },
    {
      "x": 23.9675312,
      "y": 1.6643647,
      "z": 56.24548
    },
    {
      "x": 14.9902935,
      "y": 1.54594648,
      "z": 36.4069862
    }
  ],
  "factory4_night": [
    {
      "x": -31.5008049,
      "y": -2.09620523,
      "z": 32.2005348
    },
    {
      "x": -18.7847786,
      "y": -2.097631,
      "z": 40.29317
    },
    {
      "x": 16.9372578,
      "y": -2.08116531,
      "z": 40.84489
    },
    {
      "x": 23.5751019,
      "y": -2.101208,
      "z": 7.9283185
    },
    {
      "x": 19.4345531,
      "y": -2.101208,
      "z": -13.3914032
    },
    {
      "x": 27.6461773,
      "y": -2.101208,
      "z": -34.54554
    },
    {
      "x": 38.79806,
      "y": -2.09461427,
      "z": -18.6310368
    },
    {
      "x": 31.9105778,
      "y": 7.618354,
      "z": -32.1087
    },
    {
      "x": 30.08668,
      "y": 7.75526237,
      "z": -20.3167381
    },
    {
      "x": 21.4689655,
      "y": 8.888684,
      "z": 7.54276848
    },
    {
      "x": 6.222929,
      "y": 7.68675137,
      "z": 16.6077843
    },
    {
      "x": -22.1931133,
      "y": 7.98713732,
      "z": 11.6042461
    },
    {
      "x": 1.68692517,
      "y": 8.942114,
      "z": -11.3421993
    },
    {
      "x": -1.84703875,
      "y": 0.14306390000000002,
      "z": -47.23748
    },
    {
      "x": 18.9013824,
      "y": 0.16807422,
      "z": -45.4415
    },
    {
      "x": 33.5459023,
      "y": 4.09096456,
      "z": -20.01963
    },
    {
      "x": 34.1248779,
      "y": 4.0770335200000005,
      "z": -26.7420425
    },
    {
      "x": 33.72695,
      "y": 4.142160179999999,
      "z": -35.1665726
    },
    {
      "x": 52.81441,
      "y": 0.600790583,
      "z": -32.3851242
    },
    {
      "x": 65.46217,
      "y": 0.600790583,
      "z": -42.0289726
    },
    {
      "x": 72.72261,
      "y": 0.600790583,
      "z": -48.6636353
    },
    {
      "x": 69.30476,
      "y": 0.5511049777,
      "z": 16.7004738
    },
    {
      "x": 57.9490433,
      "y": -2.10287642,
      "z": 6.3532815
    },
    {
      "x": 69.21042,
      "y": 0.600287616,
      "z": 39.88715
    },
    {
      "x": 42.1991425,
      "y": 4.89614344,
      "z": 40.3816681
    },
    {
      "x": 14.3901482,
      "y": 8.633129,
      "z": 39.9571266
    },
    {
      "x": 18.1188564,
      "y": 5.063123,
      "z": 45.0536346
    },
    {
      "x": 32.0923347,
      "y": 5.085275,
      "z": 47.6640778
    },
    {
      "x": 23.9675312,
      "y": 1.6643647,
      "z": 56.24548
    },
    {
      "x": 14.9902935,
      "y": 1.54594648,
      "z": 36.4069862
    }
  ],
  "interchange": [
    {
      "x": 211.258652,
      "y": 19.1901226,
      "z": -362.984436
    },
    {
      "x": 237.411453,
      "y": 22.1533852,
      "z": -331.765869
    },
    {
      "x": 273.1215,
      "y": 21.8638725,
      "z": -214.574951
    },
    {
      "x": 273.0844,
      "y": 21.86559,
      "z": -118.285751
    },
    {
      "x": 260.457245,
      "y": 21.8928967,
      "z": -43.99506
    },
    {
      "x": 274.2613,
      "y": 21.8254375,
      "z": 74.13373
    },
    {
      "x": 307.44577,
      "y": 20.38458,
      "z": -274.7346
    },
    {
      "x": 323.356079,
      "y": 21.2028351,
      "z": -163.308167
    },
    {
      "x": -143.090347,
      "y": 27.6066227,
      "z": 180.2215
    },
    {
      "x": -273.3014,
      "y": 22.1938782,
      "z": 156.37558
    },
    {
      "x": -172.691208,
      "y": 21.8254375,
      "z": 132.801117
    },
    {
      "x": -248.8819,
      "y": 21.82544,
      "z": -267.4412
    },
    {
      "x": -204.8294,
      "y": 30.80841,
      "z": -346.4929
    },
    {
      "x": -175.176636,
      "y": 21.8254356,
      "z": -393.4588
    },
    {
      "x": 22.0143661,
      "y": 21.82552,
      "z": -207.40477
    },
    {
      "x": -34.99583,
      "y": 21.8441944,
      "z": -52.9352341
    },
    {
      "x": -74.92484,
      "y": 27.6297016,
      "z": -66.27323
    },
    {
      "x": -93.03051,
      "y": 27.586195,
      "z": -147.205643
    },
    {
      "x": -144.089981,
      "y": 27.5861969,
      "z": -111.333084
    },
    {
      "x": -75.75173,
      "y": 27.5864849,
      "z": 20.4922752
    },
    {
      "x": 52.4439163,
      "y": 27.60244,
      "z": 85.6145859
    },
    {
      "x": 89.78583,
      "y": 21.9300022,
      "z": 86.27714
    },
    {
      "x": -69.2831955,
      "y": 27.6003647,
      "z": 136.67984
    },
    {
      "x": -55.07253,
      "y": 27.5864773,
      "z": 104.345154
    },
    {
      "x": 34.57658,
      "y": 27.5864773,
      "z": 110.34359
    },
    {
      "x": 37.7865524,
      "y": 27.6119251,
      "z": 25.749609
    },
    {
      "x": 85.81445,
      "y": 27.58647,
      "z": 27.10916
    },
    {
      "x": -1.53003037,
      "y": 27.5918446,
      "z": -44.2807732
    },
    {
      "x": 15.6643209,
      "y": 27.5918446,
      "z": -31.87548
    },
    {
      "x": 23.9435177,
      "y": 27.59439,
      "z": -47.9042244
    },
    {
      "x": 14.5930958,
      "y": 27.6992855,
      "z": -67.04211
    },
    {
      "x": 5.310255,
      "y": 27.6992855,
      "z": -72.34979
    },
    {
      "x": -1.19648051,
      "y": 27.6992855,
      "z": -77.7850342
    },
    {
      "x": -11.9985638,
      "y": 27.6992855,
      "z": -74.95691
    },
    {
      "x": -10.0267467,
      "y": 27.6992855,
      "z": -64.70458
    },
    {
      "x": -13.4790888,
      "y": 27.6992855,
      "z": -55.763813
    },
    {
      "x": -24.736517,
      "y": 27.6992855,
      "z": -50.5726929
    },
    {
      "x": -3.94773221,
      "y": 27.6491566,
      "z": -13.7713146
    },
    {
      "x": -77.315506,
      "y": 27.5864964,
      "z": -107.088562
    },
    {
      "x": 99.47626,
      "y": 22.989315,
      "z": -56.5959473
    },
    {
      "x": 50.5329361,
      "y": 27.61104,
      "z": -70.5485153
    },
    {
      "x": 23.3646431,
      "y": 37.0696449,
      "z": -62.6667633
    },
    {
      "x": 55.9072,
      "y": 37.1878052,
      "z": -63.40994
    },
    {
      "x": 85.32239,
      "y": 37.1878052,
      "z": -61.6606178
    },
    {
      "x": 92.73064,
      "y": 37.1874924,
      "z": -37.6910133
    },
    {
      "x": 81.50103,
      "y": 37.1874924,
      "z": -20.139452
    },
    {
      "x": 61.7250633,
      "y": 37.1874924,
      "z": 3.11683941
    },
    {
      "x": -0.490097523,
      "y": 37.06964,
      "z": -19.36922
    },
    {
      "x": -6.84467,
      "y": 37.06964,
      "z": -38.78272
    },
    {
      "x": -20.2055683,
      "y": 37.06964,
      "z": -44.39061
    },
    {
      "x": -42.8149071,
      "y": 37.0696754,
      "z": -36.9416771
    },
    {
      "x": -4.948228,
      "y": 21.8254547,
      "z": 30.37021
    },
    {
      "x": -20.3190212,
      "y": 21.9310627,
      "z": 16.1631546
    },
    {
      "x": 28.15819,
      "y": 21.8254566,
      "z": 9.502297
    },
    {
      "x": 16.8310413,
      "y": 21.83612,
      "z": 61.35766
    },
    {
      "x": 10.7454042,
      "y": 21.83612,
      "z": 84.45706
    }
  ],
  "laboratory": [],
  "lighthouse": [
    {
      "x": -148.131165,
      "y": 33.0202637,
      "z": 232.196075
    },
    {
      "x": -89.45726,
      "y": 35.9800529,
      "z": 412.069122
    },
    {
      "x": -220.98938,
      "y": 6.44640827,
      "z": 417.686462
    },
    {
      "x": 3.39315581,
      "y": 6.457621,
      "z": 273.181335
    },
    {
      "x": 8.214474,
      "y": 6.45759,
      "z": 183.54686
    },
    {
      "x": 105.231781,
      "y": 1.409542,
      "z": -53.10044
    },
    {
      "x": 118.04454,
      "y": 0.815564722,
      "z": -269.901184
    },
    {
      "x": -283.05658,
      "y": 15.7773571,
      "z": -152.031219
    },
    {
      "x": -357.600861,
      "y": 28.56699,
      "z": -548.0032
    },
    {
      "x": -177.542908,
      "y": 2.881143,
      "z": -361.4309
    },
    {
      "x": -321.559418,
      "y": 1.2295195460000001,
      "z": -285.672729
    },
    {
      "x": -309.780151,
      "y": 1.337138832,
      "z": -265.281464
    },
    {
      "x": -56.02588,
      "y": 12.115447,
      "z": 62.83077
    },
    {
      "x": -117.209175,
      "y": 25.6349564,
      "z": 240.5706
    },
    {
      "x": -6.44019651,
      "y": 6.347524,
      "z": 436.3963
    },
    {
      "x": -118.919609,
      "y": 11.0115089,
      "z": -867.547546
    },
    {
      "x": 41.5410423,
      "y": 11.020999,
      "z": -805.78186
    },
    {
      "x": 165.998413,
      "y": 2.91779518,
      "z": -707.2395
    },
    {
      "x": -138.945068,
      "y": 37.3540764,
      "z": 154.4614
    },
    {
      "x": 148.417374,
      "y": 1.65971339,
      "z": 190.729767
    },
    {
      "x": 158.215378,
      "y": 2.02266812,
      "z": 241.3364
    }
  ],
  "rezervbase": [
    {
      "x": 34.244854,
      "y": -0.29745185399999996,
      "z": -165.52475
    },
    {
      "x": -81.84773,
      "y": -6.57833624,
      "z": -139.84668
    },
    {
      "x": -70.1585541,
      "y": -18.32672,
      "z": 80.32257
    },
    {
      "x": -141.49823,
      "y": -9.90744,
      "z": 64.73703
    },
    {
      "x": -5.423219,
      "y": 30.1348171,
      "z": 168.527328
    },
    {
      "x": -35.6528931,
      "y": 5.86891127,
      "z": 145.207581
    },
    {
      "x": -193.665283,
      "y": -7.07202768,
      "z": -53.6095238
    },
    {
      "x": -175.940628,
      "y": -6.479239,
      "z": 117.512894
    },
    {
      "x": -32.7027626,
      "y": -6.446487,
      "z": 36.9128647
    },
    {
      "x": -43.75431,
      "y": -6.014112,
      "z": 22.10809
    },
    {
      "x": 33.1976471,
      "y": -6.451979,
      "z": -6.64785957
    }
  ],
  "shoreline": [
    {
      "x": 370.336121,
      "y": -54.12922,
      "z": -130.004868
    },
    {
      "x": -56.63187,
      "y": -17.6429348,
      "z": -266.596527
    },
    {
      "x": -343.274536,
      "y": -39.1471329,
      "z": 183.900833
    },
    {
      "x": -345.164459,
      "y": -59.2554932,
      "z": 450.597931
    },
    {
      "x": -434.142731,
      "y": -59.3447075,
      "z": 466.864
    },
    {
      "x": -191.904083,
      "y": -64.59185,
      "z": 451.90332
    },
    {
      "x": -88.4936752,
      "y": -47.2991676,
      "z": 379.011932
    },
    {
      "x": -182.476181,
      "y": -46.6247444,
      "z": 321.56192
    },
    {
      "x": 342.920776,
      "y": -52.60104,
      "z": -46.3882561
    },
    {
      "x": -214.563568,
      "y": -17.1404762,
      "z": 1.64999378
    },
    {
      "x": -658.685059,
      "y": -37.3970757,
      "z": -16.3340988
    },
    {
      "x": -57.1338921,
      "y": -25.72527,
      "z": -48.6768875
    },
    {
      "x": 364.904449,
      "y": -53.03396,
      "z": -49.32578
    },
    {
      "x": 319.4486,
      "y": -50.95948,
      "z": -44.5394478
    },
    {
      "x": 192.184036,
      "y": -49.3995132,
      "z": -86.752594
    },
    {
      "x": 124.354622,
      "y": -38.5620842,
      "z": -115.482368
    },
    {
      "x": 143.77623,
      "y": -40.975605,
      "z": -205.5631
    },
    {
      "x": 171.198227,
      "y": -34.245285,
      "z": -300.330353
    },
    {
      "x": 147.1349,
      "y": -37.0587044,
      "z": -256.51
    },
    {
      "x": 52.73984,
      "y": -21.3516865,
      "z": -114.782829
    },
    {
      "x": 24.0976486,
      "y": -21.1479015,
      "z": -121.997437
    },
    {
      "x": 2.49987864,
      "y": -22.24748,
      "z": -126.523239
    },
    {
      "x": -22.1889248,
      "y": -35.43923,
      "z": 55.114975
    },
    {
      "x": 43.18565,
      "y": -42.09612,
      "z": 70.2003555
    },
    {
      "x": 69.8785553,
      "y": -41.17338,
      "z": 11.6486864
    },
    {
      "x": 157.442734,
      "y": -45.72659,
      "z": 36.801712
    },
    {
      "x": 249.083176,
      "y": -45.8511772,
      "z": 41.24722
    },
    {
      "x": 314.49118,
      "y": -47.0921364,
      "z": 228.814087
    },
    {
      "x": 135.580643,
      "y": -51.28811,
      "z": 224.899078
    },
    {
      "x": 60.40513,
      "y": -47.01007,
      "z": 166.174133
    },
    {
      "x": -45.51708,
      "y": -44.6864128,
      "z": 183.914246
    },
    {
      "x": -184.079712,
      "y": -39.3261375,
      "z": 144.031677
    },
    {
      "x": -231.7265,
      "y": -40.5281563,
      "z": 146.926376
    },
    {
      "x": -290.310883,
      "y": -37.85999,
      "z": 139.980469
    },
    {
      "x": -423.3984,
      "y": -30.36368,
      "z": 175.143784
    },
    {
      "x": -628.9515,
      "y": -46.9226151,
      "z": 221.603973
    },
    {
      "x": -668.3095,
      "y": -32.72366,
      "z": -122.797127
    },
    {
      "x": -653.336365,
      "y": -26.40537,
      "z": -208.006943
    },
    {
      "x": -689.6254,
      "y": -26.4365788,
      "z": -234.420242
    },
    {
      "x": -638.4657,
      "y": -29.4122448,
      "z": -173.1854
    },
    {
      "x": -626.775,
      "y": -26.33351,
      "z": -231.115738
    },
    {
      "x": -661.849,
      "y": -26.33351,
      "z": -250.816208
    },
    {
      "x": -428.749725,
      "y": -18.16704,
      "z": -290.702118
    },
    {
      "x": -282.274353,
      "y": 1.2894423000000002,
      "z": -335.157
    },
    {
      "x": -231.934784,
      "y": -8.889259,
      "z": -326.960846
    },
    {
      "x": -148.135727,
      "y": -12.004118,
      "z": -343.527557
    },
    {
      "x": -129.167526,
      "y": -12.4445543,
      "z": -202.600449
    },
    {
      "x": -64.63197,
      "y": -42.5674248,
      "z": 125.121178
    },
    {
      "x": -80.06564,
      "y": -41.04094,
      "z": 265.0606
    },
    {
      "x": -106.219772,
      "y": -59.1889839,
      "z": 404.209625
    },
    {
      "x": -139.264877,
      "y": -63.70067,
      "z": 446.948669
    },
    {
      "x": -235.845688,
      "y": -64.36687,
      "z": 453.484344
    },
    {
      "x": -281.346527,
      "y": -60.0218277,
      "z": 469.8063
    },
    {
      "x": -319.723938,
      "y": -59.37635,
      "z": 447.3752
    },
    {
      "x": -449.578827,
      "y": -59.255497,
      "z": 454.824524
    },
    {
      "x": -543.087769,
      "y": -59.255497,
      "z": 455.2528
    },
    {
      "x": -505.4898,
      "y": -49.97857,
      "z": 397.5128
    },
    {
      "x": -582.3187,
      "y": -51.8977661,
      "z": 373.3344
    },
    {
      "x": -705.2152,
      "y": -45.48139,
      "z": 281.0987
    },
    {
      "x": -693.44635,
      "y": -38.8620224,
      "z": 207.319626
    },
    {
      "x": -650.198,
      "y": -42.1930466,
      "z": 84.0196457
    },
    {
      "x": -536.8481,
      "y": -26.3908138,
      "z": -247.715652
    },
    {
      "x": -496.501526,
      "y": -23.99046,
      "z": -251.473969
    },
    {
      "x": -437.921936,
      "y": -19.6501274,
      "z": -196.645844
    }
  ],
  "tarkovstreets": [],
  "woods": [
    {
      "x": 443.215,
      "y": -6.55717945,
      "z": 12.6241884
    },
    {
      "x": 403.9096,
      "y": -1.37851143,
      "z": -149.671051
    },
    {
      "x": 324.695374,
      "y": 4.26850486,
      "z": -193.185211
    },
    {
      "x": 162.859024,
      "y": 3.852831,
      "z": -38.742115
    },
    {
      "x": 260.721466,
      "y": -0.3514566,
      "z": -131.163208
    },
    {
      "x": 26.7105026,
      "y": 29.9298172,
      "z": -293.671417
    },
    {
      "x": -157.211823,
      "y": 25.5068512,
      "z": -601.2355
    },
    {
      "x": 319.59726,
      "y": 23.67145,
      "z": -638.077759
    },
    {
      "x": -101.737762,
      "y": 13.2318125,
      "z": -580.2739
    },
    {
      "x": -429.1667,
      "y": 9.772156,
      "z": -527.866943
    },
    {
      "x": -559.294739,
      "y": 22.0387516,
      "z": -250.421738
    },
    {
      "x": -459.3182,
      "y": 25.1142769,
      "z": -128.3647
    },
    {
      "x": -339.889862,
      "y": 13.2710028,
      "z": -106.506683
    },
    {
      "x": -211.017868,
      "y": 76.63688,
      "z": -270.919
    },
    {
      "x": -546.6522,
      "y": 15.5616541,
      "z": -211.051971
    },
    {
      "x": -430.921356,
      "y": 16.2786684,
      "z": -186.438751
    },
    {
      "x": -511.659363,
      "y": 16.5106926,
      "z": -176.889847
    },
    {
      "x": 247.547623,
      "y": -7.065467,
      "z": 304.677856
    },
    {
      "x": 355.4717,
      "y": -0.04704280000000005,
      "z": -89.83091
    },
    {
      "x": 230.469925,
      "y": 10.159401,
      "z": -485.499939
    },
    {
      "x": 81.51287,
      "y": 8.78842449,
      "z": -496.603058
    },
    {
      "x": 311.624237,
      "y": 15.281229,
      "z": -670.952637
    },
    {
      "x": 195.604156,
      "y": 11.3580141,
      "z": -592.8544
    },
    {
      "x": 175.079453,
      "y": 10.6330614,
      "z": -551.0474
    },
    {
      "x": 173.420013,
      "y": 9.717274,
      "z": -263.404541
    },
    {
      "x": 93.9766846,
      "y": 8.032005,
      "z": -170.947617
    },
    {
      "x": 85.3267059,
      "y": -14.7274227,
      "z": 110.782326
    },
    {
      "x": -53.08072,
      "y": -12.7061481,
      "z": 131.079788
    },
    {
      "x": -525.6267,
      "y": 13.7922716,
      "z": -423.5468
    },
    {
      "x": -450.126678,
      "y": 15.7312889,
      "z": -408.635651
    },
    {
      "x": -466.759674,
      "y": 15.3880329,
      "z": -337.347626
    },
    {
      "x": -508.0785,
      "y": 15.526474,
      "z": -377.553131
    },
    {
      "x": -593.815,
      "y": 15.7170935,
      "z": -277.6658
    },
    {
      "x": -550.001038,
      "y": 9.692064,
      "z": -94.2853546
    },
    {
      "x": -595.9386,
      "y": 22.6341228,
      "z": -160.671585
    },
    {
      "x": -383.6546,
      "y": 21.7442417,
      "z": -250.893143
    },
    {
      "x": -270.676941,
      "y": 52.812294,
      "z": -240.604126
    },
    {
      "x": -231.610336,
      "y": 68.10191,
      "z": -229.516388
    },
    {
      "x": -60.6023369,
      "y": 23.7947,
      "z": -264.089355
    },
    {
      "x": -6.37926626,
      "y": 24.2175961,
      "z": -279.905823
    },
    {
      "x": 59.8476677,
      "y": 32.3871021,
      "z": -303.686859
    },
    {
      "x": 83.2094955,
      "y": 23.7391167,
      "z": -388.7289
    },
    {
      "x": 208.758179,
      "y": 16.3364058,
      "z": -383.70224
    },
    {
      "x": 319.0171,
      "y": 11.68889,
      "z": -282.5152
    },
    {
      "x": 272.920654,
      "y": 3.2200315,
      "z": -223.00592
    },
    {
      "x": 214.691162,
      "y": -1.42720032,
      "z": -54.0039978
    },
    {
      "x": 179.347321,
      "y": -3.06935477,
      "z": 39.4058723
    },
    {
      "x": 479.9101,
      "y": -9.017019,
      "z": 54.152298
    },
    {
      "x": 475.3497,
      "y": -11.2453747,
      "z": 100.821487
    },
    {
      "x": 483.88858,
      "y": -17.6384125,
      "z": 225.6036
    },
    {
      "x": 447.803284,
      "y": -18.9501457,
      "z": 317.097321
    },
    {
      "x": 303.408081,
      "y": -8.842667,
      "z": 332.040649
    },
    {
      "x": 0.811879158,
      "y": 1.168552756,
      "z": -97.84148
    },
    {
      "x": 4.99091,
      "y": 15.5111284,
      "z": -235.015076
    },
    {
      "x": -97.36022,
      "y": 26.5481014,
      "z": -382.311676
    },
    {
      "x": 83.64897,
      "y": 19.8974457,
      "z": -432.155975
    },
    {
      "x": 117.491951,
      "y": 9.293282,
      "z": -519.5596
    },
    {
      "x": 141.661743,
      "y": 8.750049,
      "z": -627.6664
    },
    {
      "x": 298.218079,
      "y": 12.9066153,
      "z": -572.7863
    },
    {
      "x": 300.828156,
      "y": 23.3646889,
      "z": -447.16864
    },
    {
      "x": 242.895081,
      "y": 23.58974,
      "z": -429.1805
    },
    {
      "x": 152.244049,
      "y": 25.03806,
      "z": -319.14
    },
    {
      "x": 242.98175,
      "y": 28.1680965,
      "z": -306.249329
    },
    {
      "x": 206.82666,
      "y": 28.1255379,
      "z": -311.781342
    },
    {
      "x": -251.824371,
      "y": 10.034147,
      "z": -5.611849
    },
    {
      "x": -284.997528,
      "y": 11.5557032,
      "z": -60.0407372
    },
    {
      "x": -124.13118,
      "y": 14.2887831,
      "z": -50.3103065
    },
    {
      "x": -164.177429,
      "y": 24.8489475,
      "z": -101.811615
    },
    {
      "x": -111.149124,
      "y": 26.1094646,
      "z": -164.484314
    },
    {
      "x": -518.632446,
      "y": 8.962991,
      "z": -487.8438
    },
    {
      "x": -155.08374,
      "y": 10.8792582,
      "z": -670.128235
    },
    {
      "x": -72.33275,
      "y": 9.599802,
      "z": -696.842957
    },
    {
      "x": 83.7728958,
      "y": 8.305830480000001,
      "z": -668.965332
    },
    {
      "x": 78.16235,
      "y": 21.00355,
      "z": -273.2554
    },
    {
      "x": 379.620941,
      "y": 17.7680054,
      "z": -313.000061
    },
    {
      "x": -33.33974,
      "y": -3.17785859,
      "z": 46.11765
    },
    {
      "x": -6.830947,
      "y": -3.1778574,
      "z": -13.690527
    },
    {
      "x": 98.41417,
      "y": -1.5679554900000001,
      "z": -49.0388031
    },
    {
      "x": -122.815453,
      "y": 8.939046,
      "z": 37.5316658
    }
  ],
  "sandbox": [
    {
      "x": 136.816422,
      "y": 28.6955128,
      "z": 279.7089
    },
    {
      "x": 122.977036,
      "y": 23.89307,
      "z": 294.252075
    },
    {
      "x": 119.695923,
      "y": 33.34284,
      "z": 267.874847
    },
    {
      "x": 137.291092,
      "y": 23.2307358,
      "z": 212.572708
    },
    {
      "x": 124.995255,
      "y": 23.715498,
      "z": 191.3597
    },
    {
      "x": 118.501144,
      "y": 29.4655933,
      "z": 154.670547
    },
    {
      "x": 125.156685,
      "y": 29.43925,
      "z": 89.35103
    },
    {
      "x": 125.6253,
      "y": 29.4234314,
      "z": 113.45739
    },
    {
      "x": 120.070488,
      "y": 24.9442329,
      "z": 114.421616
    },
    {
      "x": -60.23611,
      "y": 24.698452,
      "z": 42.3922768
    },
    {
      "x": -25.2352314,
      "y": 24.699213,
      "z": 56.53281
    },
    {
      "x": -27.4792213,
      "y": 30.2097416,
      "z": 85.46938
    },
    {
      "x": 173.531448,
      "y": 17.4612217,
      "z": -6.298423
    },
    {
      "x": 58.77306,
      "y": 31.40412,
      "z": 131.0849
    },
    {
      "x": 49.42541,
      "y": 15.2336168,
      "z": 157.316269
    },
    {
      "x": 154.8506,
      "y": 23.2683678,
      "z": 38.88178
    },
    {
      "x": 126.300125,
      "y": 23.304493,
      "z": 23.0072575
    },
    {
      "x": -43.0123558,
      "y": 24.6793537,
      "z": 32.9782677
    },
    {
      "x": 30.590704,
      "y": 24.3751945,
      "z": 35.44925
    },
    {
      "x": 13.9142942,
      "y": 24.35617,
      "z": 95.52667
    }
  ],
  "sandbox_high": [
    {
      "x": 136.816422,
      "y": 28.6955128,
      "z": 279.7089
    },
    {
      "x": 122.977036,
      "y": 23.89307,
      "z": 294.252075
    },
    {
      "x": 119.695923,
      "y": 33.34284,
      "z": 267.874847
    },
    {
      "x": 137.291092,
      "y": 23.2307358,
      "z": 212.572708
    },
    {
      "x": 124.995255,
      "y": 23.715498,
      "z": 191.3597
    },
    {
      "x": 118.501144,
      "y": 29.4655933,
      "z": 154.670547
    },
    {
      "x": 125.156685,
      "y": 29.43925,
      "z": 89.35103
    },
    {
      "x": 125.6253,
      "y": 29.4234314,
      "z": 113.45739
    },
    {
      "x": 120.070488,
      "y": 24.9442329,
      "z": 114.421616
    },
    {
      "x": -60.23611,
      "y": 24.698452,
      "z": 42.3922768
    },
    {
      "x": -25.2352314,
      "y": 24.699213,
      "z": 56.53281
    },
    {
      "x": -27.4792213,
      "y": 30.2097416,
      "z": 85.46938
    },
    {
      "x": 173.531448,
      "y": 17.4612217,
      "z": -6.298423
    },
    {
      "x": 58.77306,
      "y": 31.40412,
      "z": 131.0849
    },
    {
      "x": 49.42541,
      "y": 15.2336168,
      "z": 157.316269
    },
    {
      "x": 154.8506,
      "y": 23.2683678,
      "z": 38.88178
    },
    {
      "x": 126.300125,
      "y": 23.304493,
      "z": 23.0072575
    },
    {
      "x": -43.0123558,
      "y": 24.6793537,
      "z": 32.9782677
    },
    {
      "x": 30.590704,
      "y": 24.3751945,
      "z": 35.44925
    },
    {
      "x": 13.9142942,
      "y": 24.35617,
      "z": 95.52667
    }
  ]
}