{
  "customs": {
    "initialSpawnDelay": 15,
    "smoothingDistribution": 0.9,
    "mapCullingNearPointValue": 10,
    "spawnMinDistance": 30,
    "pmcWaveCount": 12,
    "scavWaveCount": 21,
    "zombieWaveCount": 9,
    "scavHotZones": [
      "ZoneDormitory"
    ],
    "pmcHotZones": [
      "ZoneDormitory"
    ]
  },
  "factoryDay": {
    "initialSpawnDelay": 10,
    "smoothingDistribution": 0.4,
    "mapCullingNearPointValue": 3,
    "spawnMinDistance": 15,
    "maxBotCapOverride": 12,
    "maxBotPerZoneOverride": 12,
    "pmcWaveCount": 8,
    "scavWaveCount": 12,
    "zombieWaveCount": 6
  },
  "factoryNight": {
    "initialSpawnDelay": 10,
    "smoothingDistribution": 0.4,
    "mapCullingNearPointValue": 3,
    "spawnMinDistance": 15,
    "maxBotCapOverride": 12,
    "maxBotPerZoneOverride": 12,
    "pmcWaveCount": 8,
    "scavWaveCount": 12,
    "zombieWaveCount": 6
  },
  "interchange": {
    "initialSpawnDelay": 20,
    "smoothingDistribution": 0.9,
    "mapCullingNearPointValue": 8,
    "spawnMinDistance": 40,
    "pmcWaveCount": 14,
    "scavWaveCount": 28,
    "zombieWaveCount": 12,
    "scavHotZones": [
      "ZoneCenterBot",
      "ZoneCenter"
    ]
  },
  "laboratory": {
    "initialSpawnDelay": 15,
    "smoothingDistribution": 0.9,
    "mapCullingNearPointValue": 3,
    "spawnMinDistance": 20,
    "pmcWaveCount": 10,
    "scavWaveCount": 0,
    "zombieWaveCount": 12
  },
  "lighthouse": {
    "initialSpawnDelay": 20,
    "smoothingDistribution": 0.9,
    "mapCullingNearPointValue": 10,
    "spawnMinDistance": 40,
    "pmcWaveCount": 12,
    "scavWaveCount": 20,
    "zombieWaveCount": 10,
    "scavHotZones": [
      "Zone_LongRoad",
      "Zone_LongRoad"
    ]
  },
  "rezervbase": {
    "initialSpawnDelay": 20,
    "smoothingDistribution": 0.9,
    "mapCullingNearPointValue": 10,
    "spawnMinDistance": 40,
    "pmcWaveCount": 11,
    "scavWaveCount": 24,
    "zombieWaveCount": 9,
    "scavHotZones": [
      "ZoneRailStrorage"
    ],
    "pmcHotZones": [
      "ZoneBarrack"
    ]
  },
  "shoreline": {
    "initialSpawnDelay": 20,
    "smoothingDistribution": 0.9,
    "mapCullingNearPointValue": 10,
    "spawnMinDistance": 40,
    "pmcWaveCount": 14,
    "scavWaveCount": 28,
    "zombieWaveCount": 12,
    "scavHotZones": [
      "ZoneSanatorium1"
    ],
    "pmcHotZones": [
      "ZoneSanatorium2"
    ]
  },
  "tarkovstreets": {
    "initialSpawnDelay": 20,
    "smoothingDistribution": 0.9,
    "mapCullingNearPointValue": 10,
    "spawnMinDistance": 40,
    "pmcWaveCount": 14,
    "scavWaveCount": 26,
    "zombieWaveCount": 13
  },
  "woods": {
    "initialSpawnDelay": 20,
    "smoothingDistribution": 0.9,
    "mapCullingNearPointValue": 10,
    "spawnMinDistance": 40,
    "pmcWaveCount": 14,
    "scavWaveCount": 28,
    "zombieWaveCount": 10,
    "scavHotZones": [
      "ZoneWoodCutter"
    ],
    "pmcHotZones": [
      "ZoneWoodCutter"
    ]
  },
  "gzLow": {
    "initialSpawnDelay": 10,
    "smoothingDistribution": 1,
    "mapCullingNearPointValue": 7,
    "spawnMinDistance": 30,
    "pmcWaveCount": 10,
    "scavWaveCount": 18,
    "zombieWaveCount": 9
  },
  "gzHigh": {
    "initialSpawnDelay": 10,
    "smoothingDistribution": 1,
    "mapCullingNearPointValue": 7,
    "spawnMinDistance": 30,
    "pmcWaveCount": 12,
    "scavWaveCount": 18,
    "zombieWaveCount": 9
  }
}