{
  "bigmap": [
    {
      "x": -284.638641,
      "y": -0.8085841,
      "z": -51.5765533
    },
    {
      "x": -2.39736366,
      "y": -5.3431716,
      "z": 128.833954
    },
    {
      "x": 671.046265,
      "y": 6.96879864,
      "z": 78.8503342
    },
    {
      "x": 402.660858,
      "y": 13.4239016,
      "z": 215.8655
    }
  ],
  "factory4_day": [],
  "factory4_night": [],
  "interchange": [],
  "laboratory": [],
  "lighthouse": [
    {
      "x": 120.764587,
      "y": 1.729217,
      "z": 389.5385
    },
    {
      "x": -134.055984,
      "y": 22.3044567,
      "z": 301.3149
    }
  ],
  "rezervbase": [],
  "shoreline": [
    {
      "x": 255.101135,
      "y": -53.634388,
      "z": -104.88662
    },
    {
      "x": 247.563934,
      "y": -64.2936859,
      "z": 450.9826
    },
    {
      "x": -629.215759,
      "y": -21.0713081,
      "z": -325.424957
    },
    {
      "x": -636.5035,
      "y": -39.57397,
      "z": -12.2949867
    },
    {
      "x": 171.53833,
      "y": -34.23907,
      "z": -299.059479
    }
  ],
  "tarkovstreets": [],
  "woods": [
    {
      "x": 104.282555,
      "y": 17.1939659,
      "z": -842.5501
    },
    {
      "x": -253.314621,
      "y": 18.64557,
      "z": -656.4694
    },
    {
      "x": -645.2799,
      "y": 10.5486507,
      "z": -271.707245
    },
    {
      "x": -525.376465,
      "y": 7.752978,
      "z": 146.6656
    },
    {
      "x": 261.598236,
      "y": -9.6038618,
      "z": 323.6364
    }
  ],
  "sandbox": [
    {
      "x": -16.5156174,
      "y": 23.2638969,
      "z": 329.840424
    },
    {
      "x": 148.870621,
      "y": 23.2307129,
      "z": 253.958176
    },
    {
      "x": 214.353683,
      "y": 16.550972,
      "z": 37.1321335
    },
    {
      "x": 112.585724,
      "y": 28.2153511,
      "z": 176.645386
    },
    {
      "x": 125.6806,
      "y": 29.437418,
      "z": 113.8275
    },
    {
      "x": 102.72731,
      "y": 28.6717739,
      "z": 314.5687
    },
    {
      "x": 99.01148,
      "y": 15.1962032,
      "z": 41.1899948
    }
  ],
  "sandbox_high": [
    {
      "x": -16.5156174,
      "y": 23.2638969,
      "z": 329.840424
    },
    {
      "x": 148.870621,
      "y": 23.2307129,
      "z": 253.958176
    },
    {
      "x": 214.353683,
      "y": 16.550972,
      "z": 37.1321335
    },
    {
      "x": 112.585724,
      "y": 28.2153511,
      "z": 176.645386
    },
    {
      "x": 125.6806,
      "y": 29.437418,
      "z": 113.8275
    },
    {
      "x": 102.72731,
      "y": 28.6717739,
      "z": 314.5687
    },
    {
      "x": 99.01148,
      "y": 15.1962032,
      "z": 41.1899948
    }
  ]
}