{
  "bigmap": [
    {
      "x": 644.906433,
      "y": 0.39816153,
      "z": 124.177345
    },
    {
      "x": 626.361267,
      "y": 1.781789,
      "z": 97.45197
    },
    {
      "x": 603.0844,
      "y": 6.13166046,
      "z": 109.145416
    },
    {
      "x": 562.159058,
      "y": 15.2497768,
      "z": 147.763718
    },
    {
      "x": 571.8971,
      "y": 4.433711,
      "z": 80.712326
    },
    {
      "x": 559.4739,
      "y": 4.86974,
      "z": 73.56633
    },
    {
      "x": 544.4945,
      "y": 5.66559,
      "z": 67.1485443
    },
    {
      "x": 519.4462,
      "y": 10.2920294,
      "z": 61.29196
    },
    {
      "x": 503.0341,
      "y": 9.451932,
      "z": 60.12894
    },
    {
      "x": 482.237366,
      "y": 9.8867445,
      "z": 63.15379
    },
    {
      "x": 484.279755,
      "y": 11.095027,
      "z": 81.32664
    },
    {
      "x": 501.163483,
      "y": 15.1310244,
      "z": 91.103775
    },
    {
      "x": 504.4699,
      "y": 14.6839485,
      "z": 104.454575
    },
    {
      "x": 506.216034,
      "y": 14.0007343,
      "z": 122.326782
    },
    {
      "x": 517.6832,
      "y": 12.50038,
      "z": 155.066086
    },
    {
      "x": 507.190674,
      "y": 9.451189,
      "z": 163.02562
    },
    {
      "x": 492.568146,
      "y": 5.65129232,
      "z": 166.019821
    },
    {
      "x": 478.075165,
      "y": 2.94185948,
      "z": 161.85881
    },
    {
      "x": 465.621368,
      "y": 4.00928736,
      "z": 140.425964
    },
    {
      "x": 456.2658,
      "y": 11.9092331,
      "z": 99.6092453
    },
    {
      "x": 436.723969,
      "y": 4.514394,
      "z": 71.21169
    },
    {
      "x": 418.384766,
      "y": 2.513848,
      "z": 70.34274
    },
    {
      "x": 396.615173,
      "y": 1.92234719,
      "z": 77.499176
    },
    {
      "x": 371.085266,
      "y": 0.826120853,
      "z": 78.38702
    },
    {
      "x": 375.353271,
      "y": 7.137122,
      "z": 125.959404
    },
    {
      "x": 376.3876,
      "y": 10.37682,
      "z": 139.199188
    },
    {
      "x": 374.558319,
      "y": 12.8547106,
      "z": 171.901245
    },
    {
      "x": 385.614746,
      "y": 13.3405361,
      "z": 184.8955
    },
    {
      "x": 426.6256,
      "y": 9.748782,
      "z": 197.895172
    },
    {
      "x": 360.407257,
      "y": 6.99420738,
      "z": 125.141609
    },
    {
      "x": 354.037537,
      "y": 7.791618,
      "z": 138.557312
    },
    {
      "x": 346.459351,
      "y": 5.899575,
      "z": 121.327972
    },
    {
      "x": 344.132172,
      "y": 1.77664137,
      "z": 79.69861
    },
    {
      "x": 328.555145,
      "y": 1.29390025,
      "z": 60.5217361
    },
    {
      "x": 350.6124,
      "y": -0.498913348,
      "z": 52.32654
    },
    {
      "x": 297.700684,
      "y": -1.64821553,
      "z": 63.2100143
    },
    {
      "x": 266.6165,
      "y": -3.07164049,
      "z": 82.3688354
    },
    {
      "x": 269.655334,
      "y": 1.23235083,
      "z": 107.222908
    },
    {
      "x": 254.513687,
      "y": 1.22224,
      "z": 103.368355
    },
    {
      "x": 249.895432,
      "y": 0.635977,
      "z": 121.616631
    },
    {
      "x": 256.9627,
      "y": 3.6478436,
      "z": 134.5085
    },
    {
      "x": 254.3162,
      "y": 0.146984458,
      "z": 150.997452
    },
    {
      "x": 239.714874,
      "y": -0.6937426,
      "z": 182.810669
    },
    {
      "x": 214.285873,
      "y": -1.12028646,
      "z": 191.926
    },
    {
      "x": 180.878372,
      "y": -1.25571418,
      "z": 193.699036
    },
    {
      "x": 163.75354,
      "y": -1.68064094,
      "z": 199.564789
    },
    {
      "x": 152.44104,
      "y": -1.52730823,
      "z": 179.044189
    },
    {
      "x": 138.656036,
      "y": -1.87674594,
      "z": 154.9155
    },
    {
      "x": 105.77549,
      "y": -2.90459538,
      "z": 157.900436
    },
    {
      "x": 71.0032,
      "y": -3.967892,
      "z": 129.793579
    },
    {
      "x": 59.79218,
      "y": -4.340946,
      "z": 119.544525
    },
    {
      "x": 58.0996246,
      "y": -3.59243417,
      "z": 92.6208344
    },
    {
      "x": 88.08998,
      "y": -2.24118185,
      "z": 84.13184
    },
    {
      "x": 84.8447342,
      "y": -1.95914721,
      "z": 68.26317
    },
    {
      "x": 108.150818,
      "y": -1.72587216,
      "z": 61.8904152
    },
    {
      "x": 122.396339,
      "y": -0.5685345,
      "z": 39.57657
    },
    {
      "x": 202.368149,
      "y": -1.35824311,
      "z": 48.7537422
    },
    {
      "x": 260.138519,
      "y": 1.16909194,
      "z": 3.31402421
    },
    {
      "x": 264.085541,
      "y": 1.16909194,
      "z": -10.8289251
    },
    {
      "x": 189.821136,
      "y": 1.314155,
      "z": -22.5624619
    },
    {
      "x": 203.49527,
      "y": 3.8712194,
      "z": 10.7429361
    },
    {
      "x": 179.710632,
      "y": 1.29275572,
      "z": 13.6136341
    },
    {
      "x": 214.284,
      "y": 7.38327551,
      "z": -23.26035
    },
    {
      "x": 213.364075,
      "y": 1.09662735,
      "z": -36.8482475
    },
    {
      "x": 198.832474,
      "y": -2.75874782,
      "z": -143.868073
    },
    {
      "x": 226.274445,
      "y": 1.31207,
      "z": -152.466934
    },
    {
      "x": 256.12677,
      "y": 1.22559536,
      "z": -148.035065
    },
    {
      "x": 284.246155,
      "y": 4.127302,
      "z": -150.493774
    },
    {
      "x": 271.136078,
      "y": 1.15960181,
      "z": -205.605453
    },
    {
      "x": 287.6501,
      "y": 1.55195332,
      "z": -203.412674
    },
    {
      "x": 346.5015,
      "y": -0.0143481744,
      "z": -124.052673
    },
    {
      "x": 330.932831,
      "y": 4.200771,
      "z": -120.073845
    },
    {
      "x": 352.167236,
      "y": 4.236766,
      "z": -111.830849
    },
    {
      "x": 390.7965,
      "y": 1.170587,
      "z": -115.596779
    },
    {
      "x": 421.22998,
      "y": 4.214122,
      "z": -130.802536
    },
    {
      "x": 466.884979,
      "y": 2.66115928,
      "z": -67.78426
    },
    {
      "x": 481.0524,
      "y": 2.66115928,
      "z": -56.6617775
    },
    {
      "x": 483.3155,
      "y": 1.11577165,
      "z": -40.8431053
    },
    {
      "x": 442.379425,
      "y": 1.13224256,
      "z": -48.2636261
    },
    {
      "x": 426.0826,
      "y": 1.13224256,
      "z": -53.929306
    },
    {
      "x": 396.652435,
      "y": 1.13732862,
      "z": -56.5637321
    },
    {
      "x": 376.458038,
      "y": 1.13391733,
      "z": -77.90272
    },
    {
      "x": 369.4044,
      "y": 1.14905155,
      "z": -46.484272
    },
    {
      "x": 364.615417,
      "y": 1.1643312,
      "z": -14.8107471
    },
    {
      "x": 345.536652,
      "y": 1.1643312,
      "z": -7.421874
    },
    {
      "x": 339.773926,
      "y": 1.2952646,
      "z": -42.7292328
    },
    {
      "x": 335.0259,
      "y": 1.29291511,
      "z": -65.39027
    },
    {
      "x": 337.741577,
      "y": 1.30209708,
      "z": -90.68583
    },
    {
      "x": 348.3853,
      "y": 1.10662079,
      "z": -162.4169
    },
    {
      "x": 246.582047,
      "y": 1.12401426,
      "z": -72.66881
    },
    {
      "x": 198.178619,
      "y": 1.10544419,
      "z": -36.5095139
    },
    {
      "x": 168.025085,
      "y": 1.14992464,
      "z": -63.5274277
    },
    {
      "x": 107.300087,
      "y": 1.39460659,
      "z": -89.24351
    },
    {
      "x": 59.10971,
      "y": 1.28355861,
      "z": -72.69168
    },
    {
      "x": 69.4475,
      "y": 1.12255371,
      "z": -40.80853
    },
    {
      "x": 49.4975929,
      "y": 1.19499338,
      "z": -11.2656345
    },
    {
      "x": 57.7471161,
      "y": 0.71254015,
      "z": 7.39377356
    },
    {
      "x": 31.7893028,
      "y": -1.07776749,
      "z": 36.7203445
    },
    {
      "x": -10.3683844,
      "y": -0.5575534,
      "z": 35.80947
    },
    {
      "x": -51.72802,
      "y": -12.8136,
      "z": 45.1565933
    },
    {
      "x": -22.4079323,
      "y": -8.214695,
      "z": 69.87271
    },
    {
      "x": -24.8628845,
      "y": -8.840166,
      "z": 85.35458
    },
    {
      "x": -29.1821213,
      "y": -10.9283419,
      "z": 114.228783
    },
    {
      "x": -2.24856186,
      "y": -4.39206457,
      "z": 107.59346
    },
    {
      "x": 24.3358936,
      "y": -1.002468,
      "z": 93.39741
    },
    {
      "x": -34.4313431,
      "y": 0.313168645,
      "z": -1.44573927
    },
    {
      "x": -55.7129135,
      "y": 0.416638881,
      "z": 6.919475
    },
    {
      "x": -75.28797,
      "y": 0.452377856,
      "z": 13.1781588
    },
    {
      "x": -91.02421,
      "y": 0.452377856,
      "z": 13.643033
    },
    {
      "x": -114.557045,
      "y": 0.44377017,
      "z": 11.1768637
    },
    {
      "x": -149.814,
      "y": 0.895648,
      "z": -29.6014252
    },
    {
      "x": -166.106247,
      "y": 0.488912165,
      "z": 2.09405732
    },
    {
      "x": -180.599655,
      "y": 0.08265871,
      "z": 5.27551126
    },
    {
      "x": -200.339661,
      "y": -0.032088872,
      "z": -14.4996233
    },
    {
      "x": -215.955322,
      "y": -0.5133054,
      "z": -13.3671389
    },
    {
      "x": -259.435455,
      "y": 0.869221449,
      "z": -78.33612
    },
    {
      "x": -280.582581,
      "y": 0.869221449,
      "z": -83.72153
    },
    {
      "x": -235.118942,
      "y": 0.169038743,
      "z": -74.0859756
    },
    {
      "x": -220.864914,
      "y": 0.677674949,
      "z": -60.190094
    },
    {
      "x": -203.166962,
      "y": 1.25111246,
      "z": -33.57056
    },
    {
      "x": -177.894531,
      "y": 0.935856342,
      "z": -45.2099152
    },
    {
      "x": -157.088531,
      "y": 1.38252735,
      "z": -54.9010544
    },
    {
      "x": -154.064285,
      "y": 0.930075347,
      "z": -74.9202957
    },
    {
      "x": -170.330475,
      "y": 0.9177944,
      "z": -157.2982
    },
    {
      "x": -163.1226,
      "y": 3.1211977,
      "z": -145.316788
    },
    {
      "x": -209.131683,
      "y": 0.9477444,
      "z": -182.339951
    },
    {
      "x": -185.093231,
      "y": 1.805265,
      "z": -186.7409
    },
    {
      "x": -189.550659,
      "y": 1.31024015,
      "z": -211.280334
    },
    {
      "x": -207.87764,
      "y": 1.25516975,
      "z": -210.167908
    },
    {
      "x": -317.067,
      "y": 0.9162192,
      "z": -190.285339
    },
    {
      "x": -317.486,
      "y": 0.9685522,
      "z": -166.049088
    },
    {
      "x": -331.278442,
      "y": -0.01308064,
      "z": -123.1832
    },
    {
      "x": -286.7494,
      "y": -0.8151652,
      "z": -50.11011
    },
    {
      "x": -272.3683,
      "y": -0.327944577,
      "z": -26.6685658
    },
    {
      "x": -131.165543,
      "y": -2.12906361,
      "z": -29.30433
    },
    {
      "x": -94.1864,
      "y": -9.380024,
      "z": -44.7925224
    },
    {
      "x": -72.3187256,
      "y": -9.708183,
      "z": -49.1068764
    },
    {
      "x": -4.660878,
      "y": -0.4312861,
      "z": -47.1393242
    },
    {
      "x": 19.31347,
      "y": -0.0501688048,
      "z": -25.515543
    },
    {
      "x": 8.586041,
      "y": 0.060953863,
      "z": -59.709053
    },
    {
      "x": 0.497767746,
      "y": 1.07023323,
      "z": -76.42957
    },
    {
      "x": 1.38900924,
      "y": 1.10138083,
      "z": -126.827271
    },
    {
      "x": 25.4354229,
      "y": 1.10665882,
      "z": -124.697266
    },
    {
      "x": 32.1375656,
      "y": 1.10665882,
      "z": -112.356575
    },
    {
      "x": 61.3254623,
      "y": 1.163568,
      "z": -109.5339
    },
    {
      "x": 576.8831,
      "y": 1.44585454,
      "z": -58.348877
    },
    {
      "x": 575.7281,
      "y": -0.273273438,
      "z": -10.4711666
    },
    {
      "x": 575.712769,
      "y": -1.27357888,
      "z": 9.480643
    },
    {
      "x": 563.104065,
      "y": -0.8106254,
      "z": 2.00142
    },
    {
      "x": 543.3302,
      "y": -0.179749861,
      "z": -0.442697
    }
  ],
  "factory4_day": [
    {
      "x": 14.9062071,
      "y": 4.608978,
      "z": 46.65968
    },
    {
      "x": 14.771657,
      "y": 1.03065383,
      "z": 38.67751
    },
    {
      "x": -39.7549133,
      "y": 7.487152,
      "z": 62.6642342
    },
    {
      "x": -22.3375015,
      "y": 7.487169,
      "z": 9.725967
    },
    {
      "x": 8.108521,
      "y": 7.35232925,
      "z": -0.255552679
    },
    {
      "x": 34.8389435,
      "y": 7.72901058,
      "z": -6.220801
    },
    {
      "x": 30.718338,
      "y": 7.175888,
      "z": -32.70795
    },
    {
      "x": 17.4661484,
      "y": -0.335721046,
      "z": -44.53234
    },
    {
      "x": -8.074425,
      "y": -0.355855674,
      "z": -49.441864
    }
  ],
  "factory4_night": [
    {
      "x": 14.9062071,
      "y": 4.608978,
      "z": 46.65968
    },
    {
      "x": 14.771657,
      "y": 1.03065383,
      "z": 38.67751
    },
    {
      "x": -39.7549133,
      "y": 7.487152,
      "z": 62.6642342
    },
    {
      "x": -22.3375015,
      "y": 7.487169,
      "z": 9.725967
    },
    {
      "x": 8.108521,
      "y": 7.35232925,
      "z": -0.255552679
    },
    {
      "x": 34.8389435,
      "y": 7.72901058,
      "z": -6.220801
    },
    {
      "x": 30.718338,
      "y": 7.175888,
      "z": -32.70795
    },
    {
      "x": 17.4661484,
      "y": -0.335721046,
      "z": -44.53234
    },
    {
      "x": -8.074425,
      "y": -0.355855674,
      "z": -49.441864
    }
  ],
  "interchange": [
    {
      "x": 306.6949,
      "y": 21.8703613,
      "z": -163.197372
    },
    {
      "x": 370.984,
      "y": 18.3629875,
      "z": -229.275665
    },
    {
      "x": 431.68576,
      "y": 17.574276,
      "z": -320.8318
    },
    {
      "x": 373.3453,
      "y": 17.8586578,
      "z": -375.009766
    },
    {
      "x": 235.885757,
      "y": 20.2026825,
      "z": -276.835724
    },
    {
      "x": 213.305908,
      "y": 20.2839127,
      "z": -213.397018
    },
    {
      "x": 223.268372,
      "y": 19.92921,
      "z": -141.728333
    },
    {
      "x": 214.012634,
      "y": 20.2538376,
      "z": -85.7485046
    },
    {
      "x": 171.5519,
      "y": 21.4475384,
      "z": -65.2406
    },
    {
      "x": 139.65799,
      "y": 21.356554,
      "z": 44.3145
    },
    {
      "x": 67.2355347,
      "y": 21.4292259,
      "z": 204.827774
    },
    {
      "x": -119.261528,
      "y": 22.4796734,
      "z": 261.25354
    },
    {
      "x": -207.836472,
      "y": 23.5151825,
      "z": 257.108459
    },
    {
      "x": -309.632141,
      "y": 21.32544,
      "z": 244.291122
    },
    {
      "x": -347.45932,
      "y": 25.2521248,
      "z": 203.852646
    },
    {
      "x": -295.677856,
      "y": 22.6690922,
      "z": 176.239868
    }
  ],
  "laboratory": [],
  "lighthouse": [],
  "rezervbase": [
    {
      "x": -60.7591362,
      "y": -6.97912836,
      "z": 76.7873
    },
    {
      "x": -90.6994553,
      "y": -2.04958749,
      "z": 140.122711
    },
    {
      "x": -57.1098747,
      "y": -15.8225021,
      "z": 162.027344
    },
    {
      "x": -70.86728,
      "y": -18.5448246,
      "z": 142.329178
    },
    {
      "x": -93.04627,
      "y": -16.2040443,
      "z": 153.5963
    },
    {
      "x": -59.9861,
      "y": -19.8641968,
      "z": 95.98342
    },
    {
      "x": -70.7831345,
      "y": -18.8293934,
      "z": 70.56265
    },
    {
      "x": -109.326,
      "y": -10.6063776,
      "z": 68.1899643
    }
  ],
  "shoreline": [
    {
      "x": 21.7578163,
      "y": -22.2658558,
      "z": -116.816818
    },
    {
      "x": 51.85456,
      "y": -21.7345924,
      "z": -120.915588
    },
    {
      "x": 94.2967148,
      "y": -33.3620949,
      "z": -94.95909
    },
    {
      "x": 136.4691,
      "y": -40.5397949,
      "z": -84.48611
    },
    {
      "x": 277.8101,
      "y": -49.7844,
      "z": -56.9202156
    },
    {
      "x": 320.6921,
      "y": -47.9757919,
      "z": 50.2625961
    },
    {
      "x": 228.25061,
      "y": -52.2036667,
      "z": 222.827835
    },
    {
      "x": 175.620438,
      "y": -52.599472,
      "z": 278.2336
    },
    {
      "x": 143.395874,
      "y": -52.2199,
      "z": 291.1424
    },
    {
      "x": 105.224106,
      "y": -45.8506241,
      "z": 285.132477
    },
    {
      "x": 72.14921,
      "y": -50.19929,
      "z": 317.7179
    },
    {
      "x": -40.3800163,
      "y": -48.0226631,
      "z": 302.809326
    },
    {
      "x": -89.9393158,
      "y": -48.3895874,
      "z": 385.692047
    },
    {
      "x": -119.667892,
      "y": -46.4225769,
      "z": 387.7154
    },
    {
      "x": -340.330139,
      "y": -41.46095,
      "z": 199.740189
    },
    {
      "x": -397.821136,
      "y": -31.7467251,
      "z": 168.270218
    },
    {
      "x": -534.1599,
      "y": -31.5766544,
      "z": 122.78479
    },
    {
      "x": -608.3026,
      "y": -43.40004,
      "z": 89.1378
    },
    {
      "x": -694.9616,
      "y": -29.5427952,
      "z": 93.6625
    },
    {
      "x": -720.35614,
      "y": -27.535532,
      "z": 103.138641
    },
    {
      "x": -731.1302,
      "y": -29.1101246,
      "z": 82.78596
    },
    {
      "x": -553.0381,
      "y": -31.6007023,
      "z": -122.218216
    },
    {
      "x": -517.332031,
      "y": -18.6244888,
      "z": -331.826874
    }
  ],
  "tarkovstreets": [],
  "woods": [
    {
      "x": -441.057281,
      "y": 3.65819669,
      "z": 36.8388443
    },
    {
      "x": -394.195465,
      "y": 14.1124582,
      "z": -48.00105
    },
    {
      "x": -364.281769,
      "y": 11.6161566,
      "z": -87.91999
    },
    {
      "x": -397.587921,
      "y": 26.2335968,
      "z": -154.201492
    },
    {
      "x": -417.708771,
      "y": 29.5910168,
      "z": -157.471954
    },
    {
      "x": -461.740662,
      "y": 24.3626938,
      "z": -126.122032
    },
    {
      "x": -504.4306,
      "y": 20.2265587,
      "z": -109.970253
    },
    {
      "x": -549.481,
      "y": 11.9535809,
      "z": -129.651566
    },
    {
      "x": -553.2541,
      "y": 14.4923344,
      "z": -165.6219
    },
    {
      "x": -567.378967,
      "y": 15.0085249,
      "z": -199.779312
    },
    {
      "x": -573.6107,
      "y": 20.4829731,
      "z": -226.770462
    },
    {
      "x": -527.8273,
      "y": 21.53733,
      "z": -245.70813
    },
    {
      "x": -465.266327,
      "y": 13.9790735,
      "z": -193.114731
    },
    {
      "x": -368.759552,
      "y": 19.74282,
      "z": -319.686462
    },
    {
      "x": -312.902435,
      "y": 18.8585339,
      "z": -340.54834
    },
    {
      "x": -270.1134,
      "y": 35.85196,
      "z": -336.30072
    },
    {
      "x": -257.462616,
      "y": 48.1942253,
      "z": -317.467743
    },
    {
      "x": -226.397675,
      "y": 73.18954,
      "z": -275.203247
    },
    {
      "x": -204.710526,
      "y": 73.3855057,
      "z": -286.2384
    },
    {
      "x": -183.337845,
      "y": 58.27767,
      "z": -306.567383
    },
    {
      "x": -122.976479,
      "y": 28.14654,
      "z": -320.296936
    },
    {
      "x": 26.9335938,
      "y": 35.3191566,
      "z": -317.787384
    },
    {
      "x": 98.11218,
      "y": 23.7318649,
      "z": -320.521545
    },
    {
      "x": 123.120262,
      "y": 28.8445225,
      "z": -365.2525
    },
    {
      "x": 171.565567,
      "y": 24.052124,
      "z": -320.767426
    },
    {
      "x": 200.550964,
      "y": 28.1742916,
      "z": -312.0899
    },
    {
      "x": 223.13829,
      "y": 23.4580956,
      "z": -308.725525
    },
    {
      "x": 242.283569,
      "y": 27.8877983,
      "z": -312.228638
    },
    {
      "x": 195.409637,
      "y": 15.43719,
      "z": -407.290222
    },
    {
      "x": 156.6532,
      "y": 15.778511,
      "z": -423.600647
    },
    {
      "x": 126.563972,
      "y": 15.0498686,
      "z": -472.372467
    },
    {
      "x": 127.557228,
      "y": 10.6898146,
      "z": -527.95575
    },
    {
      "x": 160.398163,
      "y": 9.573848,
      "z": -566.591431
    },
    {
      "x": 175.192612,
      "y": 10.0836039,
      "z": -589.600952
    },
    {
      "x": 151.852188,
      "y": 9.189812,
      "z": -627.6368
    },
    {
      "x": 108.88102,
      "y": 7.929788,
      "z": -636.668335
    },
    {
      "x": 63.632515,
      "y": 8.80674648,
      "z": -643.3811
    },
    {
      "x": 31.9872341,
      "y": 7.71476,
      "z": -634.9655
    },
    {
      "x": -13.3139572,
      "y": 8.710292,
      "z": -602.8302
    },
    {
      "x": -90.28,
      "y": 11.19233,
      "z": -558.5117
    },
    {
      "x": -120.579865,
      "y": 18.9386539,
      "z": -532.1101
    },
    {
      "x": -138.187851,
      "y": 23.0362968,
      "z": -543.271
    },
    {
      "x": -143.808487,
      "y": 22.923296,
      "z": -579.747742
    },
    {
      "x": -194.484131,
      "y": 14.4009724,
      "z": -572.888733
    },
    {
      "x": -264.588043,
      "y": 11.3758965,
      "z": -574.191162
    },
    {
      "x": -306.3808,
      "y": 10.15428,
      "z": -580.8536
    },
    {
      "x": -355.17807,
      "y": 10.1470451,
      "z": -544.560364
    },
    {
      "x": -408.402954,
      "y": 12.979476,
      "z": -510.023163
    },
    {
      "x": -451.77298,
      "y": 10.9889965,
      "z": -501.1638
    },
    {
      "x": -499.516266,
      "y": 11.0263605,
      "z": -482.8442
    },
    {
      "x": -514.2378,
      "y": 12.8470306,
      "z": -442.662262
    }
  ],
  "sandbox": [
    {
      "x": 143.556351,
      "y": 22.7161121,
      "z": 241.783478
    },
    {
      "x": 147.908722,
      "y": 22.7283268,
      "z": 218.328064
    },
    {
      "x": 114.281853,
      "y": 23.41491,
      "z": 271.224426
    },
    {
      "x": 100.142555,
      "y": 23.41491,
      "z": 289.66925
    },
    {
      "x": 130.72522,
      "y": 28.18093,
      "z": 289.177063
    },
    {
      "x": 137.707047,
      "y": 28.17032,
      "z": 259.31604
    },
    {
      "x": 121.426292,
      "y": 32.8303528,
      "z": 267.454651
    },
    {
      "x": 111.062218,
      "y": 32.8303528,
      "z": 284.351044
    },
    {
      "x": 124.207123,
      "y": 23.16095,
      "z": 199.9916
    },
    {
      "x": 119.917885,
      "y": 23.2192173,
      "z": 180.581253
    },
    {
      "x": 118.708855,
      "y": 28.9118061,
      "z": 165.106
    },
    {
      "x": 103.566345,
      "y": 28.9118061,
      "z": 153.3495
    },
    {
      "x": 119.903648,
      "y": 24.40597,
      "z": 123.863663
    },
    {
      "x": 115.733429,
      "y": 24.415884,
      "z": 97.57
    },
    {
      "x": 38.90453,
      "y": 30.9220486,
      "z": 149.009979
    },
    {
      "x": 51.2810669,
      "y": 30.9220486,
      "z": 157.292816
    },
    {
      "x": 59.3686943,
      "y": 30.9220486,
      "z": 130.934952
    },
    {
      "x": 6.069525,
      "y": 23.8162727,
      "z": 94.5240555
    },
    {
      "x": -5.991174,
      "y": 23.9585476,
      "z": 45.5435257
    },
    {
      "x": -50.6397438,
      "y": 24.19526,
      "z": 42.1695023
    },
    {
      "x": -26.93546,
      "y": 24.19526,
      "z": 54.4315224
    },
    {
      "x": -43.5672,
      "y": 29.71441,
      "z": 53.30972
    },
    {
      "x": -38.62996,
      "y": 29.71441,
      "z": 74.16218
    },
    {
      "x": -9.848344,
      "y": 29.7247066,
      "z": 65.29687
    },
    {
      "x": -20.9201031,
      "y": 29.7247066,
      "z": 70.86973
    },
    {
      "x": -33.1490631,
      "y": 27.42457,
      "z": 18.5615025
    },
    {
      "x": -26.708601,
      "y": 24.2605858,
      "z": -12.3976154
    },
    {
      "x": -13.8737364,
      "y": 23.8713245,
      "z": -40.2404366
    }
  ],
  "sandbox_high": [
    {
      "x": 143.556351,
      "y": 22.7161121,
      "z": 241.783478
    },
    {
      "x": 147.908722,
      "y": 22.7283268,
      "z": 218.328064
    },
    {
      "x": 114.281853,
      "y": 23.41491,
      "z": 271.224426
    },
    {
      "x": 100.142555,
      "y": 23.41491,
      "z": 289.66925
    },
    {
      "x": 130.72522,
      "y": 28.18093,
      "z": 289.177063
    },
    {
      "x": 137.707047,
      "y": 28.17032,
      "z": 259.31604
    },
    {
      "x": 121.426292,
      "y": 32.8303528,
      "z": 267.454651
    },
    {
      "x": 111.062218,
      "y": 32.8303528,
      "z": 284.351044
    },
    {
      "x": 124.207123,
      "y": 23.16095,
      "z": 199.9916
    },
    {
      "x": 119.917885,
      "y": 23.2192173,
      "z": 180.581253
    },
    {
      "x": 118.708855,
      "y": 28.9118061,
      "z": 165.106
    },
    {
      "x": 103.566345,
      "y": 28.9118061,
      "z": 153.3495
    },
    {
      "x": 119.903648,
      "y": 24.40597,
      "z": 123.863663
    },
    {
      "x": 115.733429,
      "y": 24.415884,
      "z": 97.57
    },
    {
      "x": 38.90453,
      "y": 30.9220486,
      "z": 149.009979
    },
    {
      "x": 51.2810669,
      "y": 30.9220486,
      "z": 157.292816
    },
    {
      "x": 59.3686943,
      "y": 30.9220486,
      "z": 130.934952
    },
    {
      "x": 6.069525,
      "y": 23.8162727,
      "z": 94.5240555
    },
    {
      "x": -5.991174,
      "y": 23.9585476,
      "z": 45.5435257
    },
    {
      "x": -50.6397438,
      "y": 24.19526,
      "z": 42.1695023
    },
    {
      "x": -26.93546,
      "y": 24.19526,
      "z": 54.4315224
    },
    {
      "x": -43.5672,
      "y": 29.71441,
      "z": 53.30972
    },
    {
      "x": -38.62996,
      "y": 29.71441,
      "z": 74.16218
    },
    {
      "x": -9.848344,
      "y": 29.7247066,
      "z": 65.29687
    },
    {
      "x": -20.9201031,
      "y": 29.7247066,
      "z": 70.86973
    },
    {
      "x": -33.1490631,
      "y": 27.42457,
      "z": 18.5615025
    },
    {
      "x": -26.708601,
      "y": 24.2605858,
      "z": -12.3976154
    },
    {
      "x": -13.8737364,
      "y": 23.8713245,
      "z": -40.2404366
    }
  ]
}