{
  "bigmap": [
    {
      "x": -184.565033,
      "y": -0.52184993,
      "z": 13.2764788
    },
    {
      "x": -148.596909,
      "y": -0.412678361,
      "z": 36.1522369
    },
    {
      "x": -129.8614,
      "y": -2.23946214,
      "z": 37.4772949
    },
    {
      "x": -68.29434,
      "y": -11.5112162,
      "z": 42.64361
    },
    {
      "x": -23.5716286,
      "y": -8.28251648,
      "z": 80.08432
    },
    {
      "x": 58.52113,
      "y": -4.425305,
      "z": 120.295624
    },
    {
      "x": 98.75315,
      "y": -3.20163441,
      "z": 155.0417
    },
    {
      "x": 200.831192,
      "y": -0.9019878,
      "z": 147.061279
    },
    {
      "x": 253.19603,
      "y": -0.566503644,
      "z": 165.1517
    },
    {
      "x": 305.481873,
      "y": 3.3732028,
      "z": 127.066994
    },
    {
      "x": 344.638977,
      "y": 5.867859,
      "z": 118.945282
    },
    {
      "x": 376.087952,
      "y": 10.4387789,
      "z": 154.448044
    },
    {
      "x": 406.270844,
      "y": 13.0791092,
      "z": 201.420609
    },
    {
      "x": 468.262268,
      "y": 1.58837962,
      "z": 161.119583
    },
    {
      "x": 528.9236,
      "y": 13.1591091,
      "z": 148.31752
    },
    {
      "x": 561.302246,
      "y": 13.1341171,
      "z": 130.872162
    },
    {
      "x": 597.6835,
      "y": 7.318095,
      "z": 116.731911
    },
    {
      "x": 618.2977,
      "y": 3.87358618,
      "z": 104.137772
    },
    {
      "x": 644.597656,
      "y": -0.5909279,
      "z": 64.10545
    },
    {
      "x": 636.8608,
      "y": 6.41748667,
      "z": 14.7490177
    },
    {
      "x": 640.573853,
      "y": 0.3820401,
      "z": -14.3802938
    }
  ],
  "factory4_day": [],
  "factory4_night": [],
  "interchange": [],
  "laboratory": [],
  "lighthouse": [],
  "rezervbase": [],
  "shoreline": [],
  "tarkovstreets": [],
  "woods": [],
  "sandbox": [],
  "sandbox_high": []
}