{
    "bigmap": [
        {
            "x": 569.257263,
            "y": 1.38750219,
            "z": -70.92057
        },
        {
            "x": 612.5105,
            "y": 4.09544373,
            "z": -158.883423
        },
        {
            "x": 474.81897,
            "y": 4.168716,
            "z": -137.724243
        },
        {
            "x": 433.974945,
            "y": 1.04248822,
            "z": -41.67805
        },
        {
            "x": 384.950165,
            "y": 1.077931,
            "z": -52.8703461
        },
        {
            "x": 335.219116,
            "y": 1.23390639,
            "z": -46.944416
        },
        {
            "x": 334.3167,
            "y": -3.05409169,
            "z": -66.9522247
        },
        {
            "x": 430.6771,
            "y": 1.07709074,
            "z": -104.368584
        },
        {
            "x": 336.030975,
            "y": 1.1242044,
            "z": -109.415588
        },
        {
            "x": 408.369629,
            "y": 4.09885073,
            "z": -131.061478
        },
        {
            "x": 307.318756,
            "y": 4.20077038,
            "z": -124.8324
        },
        {
            "x": 337.3573,
            "y": 4.088808,
            "z": -124.795441
        },
        {
            "x": 638.3101,
            "y": 6.42290258,
            "z": 15.2644215
        },
        {
            "x": 625.0503,
            "y": -0.256115943,
            "z": -25.78907
        },
        {
            "x": 591.2567,
            "y": -0.678407431,
            "z": 6.43415976
        },
        {
            "x": 581.535,
            "y": 3.613663,
            "z": 71.50817
        },
        {
            "x": 530.7173,
            "y": 13.9716187,
            "z": 129.037888
        },
        {
            "x": 511.1045,
            "y": 14.04457,
            "z": 96.9627
        },
        {
            "x": 483.56015,
            "y": 15.5805626,
            "z": 105.3184
        },
        {
            "x": 421.361,
            "y": 4.07324266,
            "z": 134.348358
        },
        {
            "x": 448.325134,
            "y": 9.633247,
            "z": 85.75345
        },
        {
            "x": 410.348877,
            "y": 0.958651662,
            "z": 46.1467476
        },
        {
            "x": 461.89035,
            "y": 0.4111737,
            "z": -8.061662
        },
        {
            "x": 392.068939,
            "y": 0.827369034,
            "z": 7.930369
        },
        {
            "x": 342.077118,
            "y": 4.18000746,
            "z": 64.20055
        },
        {
            "x": 343.210358,
            "y": 4.74746561,
            "z": 103.971085
        },
        {
            "x": 331.404938,
            "y": 5.18310356,
            "z": 130.901169
        },
        {
            "x": 294.904755,
            "y": 3.67507315,
            "z": 98.4899
        },
        {
            "x": 295.553864,
            "y": -0.686033547,
            "z": 17.1037731
        },
        {
            "x": 234.175354,
            "y": -0.6346486,
            "z": 52.487484
        },
        {
            "x": 243.301346,
            "y": 1.99139345,
            "z": 98.78273
        },
        {
            "x": 243.100769,
            "y": -0.7349035,
            "z": 183.636551
        },
        {
            "x": 138.56517,
            "y": 0.576161563,
            "z": 83.0217743
        },
        {
            "x": 128.988586,
            "y": -2.283133,
            "z": 162.588257
        },
        {
            "x": 66.03719,
            "y": -3.44321775,
            "z": 82.47263
        },
        {
            "x": 164.391708,
            "y": -1.33694708,
            "z": 194.4436
        },
        {
            "x": 174.852554,
            "y": -0.742847145,
            "z": 38.5371857
        },
        {
            "x": 60.5068,
            "y": -0.707200766,
            "z": 50.2275963
        },
        {
            "x": 179.2148,
            "y": 1.06681085,
            "z": 8.221435
        },
        {
            "x": 242.052429,
            "y": 1.10452306,
            "z": 2.12214875
        },
        {
            "x": 224.365967,
            "y": 7.32635355,
            "z": -17.1582642
        },
        {
            "x": 193.433243,
            "y": 1.120102,
            "z": -53.6432
        },
        {
            "x": 266.813141,
            "y": 1.102165,
            "z": -124.846268
        },
        {
            "x": 243.093582,
            "y": 2.509562,
            "z": -151.604523
        },
        {
            "x": 193.227,
            "y": 1.09960961,
            "z": -200.164764
        },
        {
            "x": 195.730423,
            "y": 7.73369455,
            "z": -113.115952
        },
        {
            "x": 155.067383,
            "y": 1.87907863,
            "z": -132.6267
        },
        {
            "x": 105.5758,
            "y": 1.12345529,
            "z": -135.06749
        },
        {
            "x": 101.5919,
            "y": 1.31745791,
            "z": -89.6569061
        },
        {
            "x": 56.48767,
            "y": 1.09983516,
            "z": -164.798523
        },
        {
            "x": 22.3413715,
            "y": 1.10038316,
            "z": -98.38013
        },
        {
            "x": -15.1085377,
            "y": -0.226923719,
            "z": -122.513855
        },
        {
            "x": -11.7368965,
            "y": -0.4140172,
            "z": -89.3341446
        },
        {
            "x": -81.90937,
            "y": -9.043521,
            "z": -144.33226
        },
        {
            "x": -56.53692,
            "y": -10.4904594,
            "z": -66.864975
        },
        {
            "x": -136.058517,
            "y": -2.52374744,
            "z": -88.33051
        },
        {
            "x": -110.027557,
            "y": -10.7074337,
            "z": -39.55272
        },
        {
            "x": -84.87207,
            "y": 0.385424,
            "z": 3.83059525
        },
        {
            "x": -8.804132,
            "y": -0.438649565,
            "z": -55.0001068
        },
        {
            "x": -121.841507,
            "y": -7.072037,
            "z": -100.94175
        },
        {
            "x": -198.945938,
            "y": 1.26147628,
            "z": -214.115753
        },
        {
            "x": -164.000778,
            "y": 1.48075652,
            "z": -208.401825
        },
        {
            "x": -298.256866,
            "y": 0.6890624,
            "z": -197.889557
        },
        {
            "x": -186.82045,
            "y": 0.8511126,
            "z": -174.693222
        },
        {
            "x": -187.67984,
            "y": 0.9811874,
            "z": -77.34411
        },
        {
            "x": -153.5492,
            "y": 0.8592948,
            "z": -70.20661
        },
        {
            "x": -180.128265,
            "y": 0.711848259,
            "z": -38.048008
        },
        {
            "x": -310.68222,
            "y": -0.711879551,
            "z": -64.80705
        },
        {
            "x": -335.021576,
            "y": -0.0752377659,
            "z": -124.402542
        },
        {
            "x": -336.669983,
            "y": 0.5827583,
            "z": -185.863861
        },
        {
            "x": -287.4918,
            "y": 0.9163875,
            "z": -137.429535
        },
        {
            "x": -284.6685,
            "y": 0.919423342,
            "z": -81.54529
        },
        {
            "x": -245.791443,
            "y": -0.6802579,
            "z": -118.115822
        },
        {
            "x": -187.019119,
            "y": 0.07543344,
            "z": -5.57354975
        },
        {
            "x": 228.23848,
            "y": 2.87156725,
            "z": 131.233841
        },
        {
            "x": 228.053635,
            "y": 2.956589,
            "z": 154.955887
        },
        {
            "x": 232.263992,
            "y": -0.128422141,
            "z": 155.994492
        },
        {
            "x": 78.14425,
            "y": 4.672707,
            "z": -156.6225
        },
        {
            "x": 87.62985,
            "y": 4.672582,
            "z": -151.574814
        },
        {
            "x": 78.22149,
            "y": 1.098097,
            "z": -140.7939
        }
    ],
    "factory4_day": [],
    "factory4_night": [],
    "interchange": [
        {
            "x": -297.320343,
            "y": 21.3254356,
            "z": 229.252136
        },
        {
            "x": -308.1549,
            "y": 23.2172222,
            "z": 172.2647
        },
        {
            "x": -177.1065,
            "y": 21.7046967,
            "z": 231.308624
        },
        {
            "x": -143.9129,
            "y": 27.1066284,
            "z": 128.932785
        },
        {
            "x": -188.803543,
            "y": 27.1066437,
            "z": -6.214079
        },
        {
            "x": -206.645355,
            "y": 21.3254414,
            "z": -55.01232
        },
        {
            "x": -205.697159,
            "y": 21.32544,
            "z": -202.582642
        },
        {
            "x": -190.394989,
            "y": 27.1067,
            "z": -156.021561
        },
        {
            "x": -236.454727,
            "y": 21.32544,
            "z": -296.051178
        },
        {
            "x": -159.3837,
            "y": 21.3254414,
            "z": -346.2481
        },
        {
            "x": 6.50217772,
            "y": 22.1715031,
            "z": -393.347748
        },
        {
            "x": 75.88567,
            "y": 21.3254356,
            "z": -331.79248
        },
        {
            "x": 165.884491,
            "y": 21.4678822,
            "z": -259.948547
        },
        {
            "x": 445.344116,
            "y": 16.962759,
            "z": -260.246
        },
        {
            "x": 310.6008,
            "y": 22.4187317,
            "z": -197.418091
        },
        {
            "x": 360.1396,
            "y": 17.7676353,
            "z": -367.802582
        },
        {
            "x": 223.538834,
            "y": 19.7875385,
            "z": -202.786072
        },
        {
            "x": 156.6371,
            "y": 21.3254375,
            "z": -91.10817
        },
        {
            "x": 254.145325,
            "y": 21.3254414,
            "z": -55.6891975
        },
        {
            "x": 275.895782,
            "y": 21.3254375,
            "z": 133.4176
        },
        {
            "x": 154.6585,
            "y": 21.32544,
            "z": 54.78793
        },
        {
            "x": 206.123566,
            "y": 21.5466518,
            "z": 202.216248
        },
        {
            "x": 258.378082,
            "y": 21.3254356,
            "z": 367.088257
        },
        {
            "x": 174.045837,
            "y": 21.3254356,
            "z": 321.353241
        },
        {
            "x": 126.018074,
            "y": 21.3254414,
            "z": 267.787048
        },
        {
            "x": 44.69871,
            "y": 21.32544,
            "z": 261.754242
        },
        {
            "x": -58.9958572,
            "y": 21.3254375,
            "z": 221.97258
        },
        {
            "x": -136.049789,
            "y": 21.3254871,
            "z": 55.833
        },
        {
            "x": -145.470657,
            "y": 21.3255177,
            "z": 141.4576
        },
        {
            "x": -33.8251152,
            "y": 21.32545,
            "z": 59.23777
        },
        {
            "x": 19.2361965,
            "y": 21.3254223,
            "z": 161.629013
        },
        {
            "x": 20.2631512,
            "y": 21.3255062,
            "z": -91.19403
        },
        {
            "x": 52.0221825,
            "y": 21.3255119,
            "z": -151.5121
        },
        {
            "x": -71.3472061,
            "y": 21.3255177,
            "z": -191.654663
        },
        {
            "x": 25.6435,
            "y": 21.3255119,
            "z": -148.1495
        },
        {
            "x": 86.8144455,
            "y": 27.0845032,
            "z": -300.527527
        },
        {
            "x": -89.24159,
            "y": 27.0676746,
            "z": -239.3209
        },
        {
            "x": 33.92935,
            "y": 27.0676727,
            "z": -215.358063
        },
        {
            "x": -60.21908,
            "y": 27.0864944,
            "z": -149.645737
        },
        {
            "x": 44.7672119,
            "y": 27.08647,
            "z": -161.538559
        },
        {
            "x": 82.2728958,
            "y": 27.0864811,
            "z": -148.446579
        },
        {
            "x": 17.0443039,
            "y": 27.086483,
            "z": -123.838341
        },
        {
            "x": -64.57806,
            "y": 27.1145363,
            "z": -117.689568
        },
        {
            "x": -114.732758,
            "y": 27.0862,
            "z": -138.857864
        },
        {
            "x": -174.594452,
            "y": 27.08619,
            "z": -126.429909
        },
        {
            "x": -133.991074,
            "y": 27.086195,
            "z": -69.33954
        },
        {
            "x": -128.642273,
            "y": 27.0861835,
            "z": 39.83505
        },
        {
            "x": -172.062988,
            "y": 27.086174,
            "z": 2.91643834
        },
        {
            "x": -77.61814,
            "y": 27.086483,
            "z": -61.0069351
        },
        {
            "x": -40.78104,
            "y": 27.0864754,
            "z": 13.8250217
        },
        {
            "x": -40.0177879,
            "y": 27.0864925,
            "z": -118.078545
        },
        {
            "x": -1.15341973,
            "y": 27.0864716,
            "z": -38.4127922
        },
        {
            "x": 32.91129,
            "y": 27.0864735,
            "z": -53.7915421
        },
        {
            "x": 26.9830322,
            "y": 27.0936184,
            "z": 42.518898
        },
        {
            "x": 69.39509,
            "y": 27.0864735,
            "z": 140.536621
        },
        {
            "x": -41.97856,
            "y": 27.08901,
            "z": 65.155
        },
        {
            "x": 86.50816,
            "y": 27.0864677,
            "z": 36.58988
        },
        {
            "x": -24.102108,
            "y": 27.0864735,
            "z": 138.569046
        },
        {
            "x": 52.9239349,
            "y": 27.0864677,
            "z": 182.250061
        },
        {
            "x": -91.15583,
            "y": 27.0864716,
            "z": 156.238968
        },
        {
            "x": -127.122787,
            "y": 27.0864773,
            "z": 108.286461
        },
        {
            "x": -115.904816,
            "y": 27.08647,
            "z": 165.970932
        },
        {
            "x": -77.90566,
            "y": 27.0864677,
            "z": 180.347427
        },
        {
            "x": 85.37389,
            "y": 36.5696831,
            "z": -62.7935677
        },
        {
            "x": 47.73188,
            "y": 36.5697632,
            "z": -163.80481
        },
        {
            "x": -43.6124954,
            "y": 36.5810127,
            "z": -173.733124
        },
        {
            "x": -44.9253654,
            "y": 36.5808067,
            "z": -107.860741
        },
        {
            "x": -37.2536774,
            "y": 36.5938072,
            "z": -0.488228261
        },
        {
            "x": 37.61128,
            "y": 36.56974,
            "z": 6.13157654
        },
        {
            "x": -86.75375,
            "y": 27.0890579,
            "z": 104.264351
        },
        {
            "x": -96.5765457,
            "y": 27.0890541,
            "z": 124.929672
        },
        {
            "x": -97.6181259,
            "y": 27.0890579,
            "z": 102.321487
        },
        {
            "x": -69.53876,
            "y": 27.0864716,
            "z": 59.45995
        },
        {
            "x": -214.511124,
            "y": 21.3254375,
            "z": -369.669464
        },
        {
            "x": 94.80716,
            "y": 36.5697327,
            "z": 59.3421745
        },
        {
            "x": -36.11378,
            "y": 27.06768,
            "z": -287.0578
        },
        {
            "x": -54.2147675,
            "y": 27.0676689,
            "z": -192.314835
        }
    ],
    "laboratory": [
        {
            "x": -220.992188,
            "y": 0.0228912737,
            "z": -405.46048
        },
        {
            "x": -132.094391,
            "y": 0.0368003175,
            "z": -417.220337
        },
        {
            "x": -117.814316,
            "y": 0.008905247,
            "z": -381.562
        },
        {
            "x": -127.087746,
            "y": 1.36848688,
            "z": -314.859253
        },
        {
            "x": -133.65802,
            "y": 4.10687542,
            "z": -284.917175
        },
        {
            "x": -235.9631,
            "y": 0.02021411,
            "z": -301.364746
        },
        {
            "x": -117.577316,
            "y": 4.09994268,
            "z": -352.15094
        },
        {
            "x": -162.7386,
            "y": 4.100834,
            "z": -414.788055
        },
        {
            "x": -157.940536,
            "y": -4.025572,
            "z": -322.816437
        },
        {
            "x": -141.633255,
            "y": -4.053967,
            "z": -362.562347
        },
        {
            "x": -266.167267,
            "y": -4.050967,
            "z": -331.420319
        },
        {
            "x": -246.118454,
            "y": -4.050969,
            "z": -315.094421
        }
    ],
    "lighthouse": [
        {
            "x": 25.8800659,
            "y": 0.9011795,
            "z": 540.761047
        },
        {
            "x": 49.7503471,
            "y": 0.6587794,
            "z": 467.155945
        },
        {
            "x": -99.7829361,
            "y": 24.58838,
            "z": 455.039917
        },
        {
            "x": -215.585068,
            "y": 5.946455,
            "z": 420.048065
        },
        {
            "x": -27.7648048,
            "y": 9.104086,
            "z": 432.565857
        },
        {
            "x": 147.55658,
            "y": 1.87916648,
            "z": 286.6666
        },
        {
            "x": 152.218628,
            "y": 0.317387044,
            "z": -161.839157
        },
        {
            "x": 133.877731,
            "y": 0.492129862,
            "z": 123.325928
        },
        {
            "x": 107.4837,
            "y": 0.207808256,
            "z": -288.266479
        },
        {
            "x": 74.6737442,
            "y": 7.31423,
            "z": -176.15976
        },
        {
            "x": 55.7165031,
            "y": 29.2337589,
            "z": -52.53636
        },
        {
            "x": -40.05972,
            "y": 9.582985,
            "z": 34.02772
        },
        {
            "x": -68.15224,
            "y": 26.77016,
            "z": 126.125023
        },
        {
            "x": -138.933,
            "y": 39.8468742,
            "z": 89.13435
        },
        {
            "x": 77.1285553,
            "y": 4.622087,
            "z": -483.37616
        },
        {
            "x": 176.437546,
            "y": 0.4142894,
            "z": -769.1676
        },
        {
            "x": 14.8726463,
            "y": 11.7603722,
            "z": -932.8368
        },
        {
            "x": -49.03039,
            "y": 10.5127792,
            "z": -846.940552
        },
        {
            "x": -40.88638,
            "y": 5.6223135,
            "z": -257.333221
        },
        {
            "x": -456.4287,
            "y": 33.756115,
            "z": -330.423279
        },
        {
            "x": -125.575531,
            "y": 0.4060653,
            "z": -369.0636
        },
        {
            "x": -77.39961,
            "y": 9.050273,
            "z": -279.6435
        },
        {
            "x": -24.9415665,
            "y": 4.61906862,
            "z": -727.992737
        },
        {
            "x": -0.6605607,
            "y": 5.95602751,
            "z": -202.335587
        },
        {
            "x": 5.81170368,
            "y": 5.956065,
            "z": -91.15957
        },
        {
            "x": 8.71976,
            "y": 5.957563,
            "z": 110.612862
        },
        {
            "x": -100.980667,
            "y": 17.5896969,
            "z": -42.4756737
        },
        {
            "x": -114.807808,
            "y": 17.58972,
            "z": -108.465973
        },
        {
            "x": -82.0243,
            "y": 21.8669586,
            "z": -89.0494
        },
        {
            "x": -79.07227,
            "y": 21.8669586,
            "z": -57.40706
        }
    ],
    "rezervbase": [
        {
            "x": -33.68996,
            "y": 18.5347786,
            "z": 173.3552
        },
        {
            "x": -13.76667,
            "y": 25.8544025,
            "z": 175.4739
        },
        {
            "x": -8.701283,
            "y": 32.72204,
            "z": 180.612335
        },
        {
            "x": -5.481145,
            "y": 25.8544025,
            "z": 180.3686
        },
        {
            "x": -83.2674,
            "y": -2.039893,
            "z": 141.231537
        },
        {
            "x": -144.644043,
            "y": -6.507082,
            "z": 125.11319
        },
        {
            "x": 36.260643,
            "y": -7.08126736,
            "z": 119.801552
        },
        {
            "x": -2.873396,
            "y": -6.94097233,
            "z": 108.1562
        },
        {
            "x": 2.03816962,
            "y": -5.117627,
            "z": 74.8431
        },
        {
            "x": -29.33284,
            "y": 4.445737,
            "z": 136.603561
        },
        {
            "x": 88.6494,
            "y": -6.9519825,
            "z": 64.59126
        },
        {
            "x": 98.51677,
            "y": -6.945814,
            "z": 28.8258839
        },
        {
            "x": 92.7074356,
            "y": -6.945813,
            "z": -5.53095627
        },
        {
            "x": 46.4965477,
            "y": -6.951982,
            "z": 7.621742
        },
        {
            "x": 12.5987749,
            "y": -3.98143339,
            "z": -6.59006357
        },
        {
            "x": 16.3245735,
            "y": -3.97000122,
            "z": -28.1275539
        },
        {
            "x": 14.6998291,
            "y": -0.9975205,
            "z": -22.7591171
        },
        {
            "x": 21.7778931,
            "y": -0.969667256,
            "z": -4.989637
        },
        {
            "x": -11.1769543,
            "y": -6.946465,
            "z": 0.8573803
        },
        {
            "x": -18.4372635,
            "y": -6.946463,
            "z": 34.8138657
        },
        {
            "x": -39.8697166,
            "y": -6.741814,
            "z": 5.05605745
        },
        {
            "x": -56.79103,
            "y": -7.037779,
            "z": 102.022278
        },
        {
            "x": -147.231476,
            "y": -6.87319231,
            "z": 115.395493
        },
        {
            "x": -255.485291,
            "y": -6.74776745,
            "z": -30.2126637
        },
        {
            "x": -176.9809,
            "y": -6.995809,
            "z": -94.7485352
        },
        {
            "x": -150.961349,
            "y": -6.940975,
            "z": -40.17734
        },
        {
            "x": -132.169113,
            "y": -6.933011,
            "z": 67.66978
        },
        {
            "x": 237.517624,
            "y": -5.12358,
            "z": 11.7712326
        },
        {
            "x": 196.708572,
            "y": -6.552195,
            "z": 2.546248
        },
        {
            "x": 232.866837,
            "y": -4.411118,
            "z": -40.3440247
        },
        {
            "x": 135.4591,
            "y": -6.951981,
            "z": -31.57881
        },
        {
            "x": 142.5316,
            "y": -6.34213,
            "z": -104.461609
        },
        {
            "x": 122.249588,
            "y": -7.073911,
            "z": -160.497055
        },
        {
            "x": 200.576843,
            "y": -7.0396533,
            "z": -177.797455
        },
        {
            "x": 187.665436,
            "y": -7.09893465,
            "z": -241.862274
        },
        {
            "x": 169.458618,
            "y": -6.9629674,
            "z": -204.657227
        },
        {
            "x": 119.266953,
            "y": -0.328859925,
            "z": -210.001556
        },
        {
            "x": 64.73753,
            "y": -6.95198154,
            "z": -75.77131
        },
        {
            "x": 12.0922842,
            "y": -4.282402,
            "z": -183.459747
        },
        {
            "x": 20.3504372,
            "y": -6.946486,
            "z": -141.254471
        },
        {
            "x": -43.1386337,
            "y": -7.02337456,
            "z": -120.782112
        },
        {
            "x": 4.639425,
            "y": -5.10824442,
            "z": -120.526024
        },
        {
            "x": -85.0866852,
            "y": -7.07833147,
            "z": -155.650818
        },
        {
            "x": -88.9472961,
            "y": -7.078334,
            "z": -134.229828
        },
        {
            "x": -76.48727,
            "y": -8.05627,
            "z": -75.2609558
        },
        {
            "x": -7.193536,
            "y": -6.968442,
            "z": -55.570343
        },
        {
            "x": -74.09723,
            "y": -7.07830763,
            "z": -43.5618134
        },
        {
            "x": -65.37134,
            "y": -6.971739,
            "z": -35.02649
        },
        {
            "x": -76.83068,
            "y": -6.98000574,
            "z": -28.7395325
        },
        {
            "x": -63.168644,
            "y": -3.7803545,
            "z": -31.7218285
        },
        {
            "x": -59.3641853,
            "y": -9.889905,
            "z": -32.55272
        },
        {
            "x": -55.75908,
            "y": -6.9519577,
            "z": -16.7088757
        },
        {
            "x": -152.71347,
            "y": -11.21023,
            "z": 25.4052677
        },
        {
            "x": -115.817154,
            "y": -14.5273285,
            "z": 42.47699
        },
        {
            "x": -92.15169,
            "y": -10.4819145,
            "z": 70.16181
        },
        {
            "x": -53.04862,
            "y": -14.7038651,
            "z": 133.14801
        },
        {
            "x": -56.04584,
            "y": -15.8924112,
            "z": 161.490646
        },
        {
            "x": -55.40273,
            "y": -15.901721,
            "z": 177.212341
        },
        {
            "x": -116.760628,
            "y": -18.3659115,
            "z": 169.263016
        },
        {
            "x": -109.829613,
            "y": -18.36591,
            "z": 161.2898
        },
        {
            "x": -145.429733,
            "y": -9.409015,
            "z": -23.9307
        },
        {
            "x": 49.2813759,
            "y": -12.2500057,
            "z": -136.852829
        },
        {
            "x": 74.8476,
            "y": -12.2500105,
            "z": -107.593628
        },
        {
            "x": 77.4375153,
            "y": -13.9378557,
            "z": -65.03416
        },
        {
            "x": 111.5771,
            "y": -12.8779106,
            "z": -111.593925
        },
        {
            "x": -105.709122,
            "y": 2.40151072,
            "z": 92.66247
        },
        {
            "x": -94.93129,
            "y": -3.39848948,
            "z": 89.22741
        }
    ],
    "disabled_shoreline": [
        {
            "x": 346.192474,
            "y": -59.70054,
            "z": 313.434479
        },
        {
            "x": 250.751541,
            "y": -59.67307,
            "z": 304.061554
        },
        {
            "x": 306.434326,
            "y": -48.3934059,
            "z": 232.7056
        },
        {
            "x": 238.05719,
            "y": -46.3279381,
            "z": 43.9621735
        },
        {
            "x": 248.732681,
            "y": -47.2038956,
            "z": -36.54686
        },
        {
            "x": 392.277557,
            "y": -53.73211,
            "z": -45.26059
        },
        {
            "x": 312.1899,
            "y": -55.2727776,
            "z": -157.18013
        },
        {
            "x": 227.218246,
            "y": -55.2727776,
            "z": -195.119568
        },
        {
            "x": 275.647064,
            "y": -46.87464,
            "z": 8.855307
        },
        {
            "x": -647.693359,
            "y": -33.76327,
            "z": -121.814873
        },
        {
            "x": -728.826,
            "y": -41.4609222,
            "z": -0.7122939
        },
        {
            "x": -525.113953,
            "y": -36.7298622,
            "z": -15.19117
        },
        {
            "x": -487.059357,
            "y": -28.4342537,
            "z": -208.694473
        },
        {
            "x": -856.9899,
            "y": -43.24494,
            "z": 31.7929058
        },
        {
            "x": -954.85144,
            "y": -58.4254875,
            "z": 342.575165
        },
        {
            "x": -833.516968,
            "y": -50.542347,
            "z": 235.010529
        },
        {
            "x": -771.7063,
            "y": -44.147934,
            "z": 147.268326
        },
        {
            "x": -710.304749,
            "y": -27.67344,
            "z": 94.9736252
        },
        {
            "x": -696.4002,
            "y": -40.5681229,
            "z": 219.098068
        },
        {
            "x": -812.099548,
            "y": -51.11426,
            "z": 326.5142
        },
        {
            "x": -669.680542,
            "y": -59.71526,
            "z": 481.888641
        },
        {
            "x": -701.8561,
            "y": -46.1225662,
            "z": 344.059845
        },
        {
            "x": -625.976,
            "y": -44.239315,
            "z": 77.50434
        },
        {
            "x": -528.794434,
            "y": -40.568737,
            "z": 69.3546
        },
        {
            "x": 48.86367,
            "y": -59.6620827,
            "z": 352.652771
        },
        {
            "x": 37.9617844,
            "y": -46.64249,
            "z": 259.84668
        },
        {
            "x": 8.15096951,
            "y": -45.7442055,
            "z": 177.616257
        },
        {
            "x": -94.33317,
            "y": -43.1819344,
            "z": 164.271286
        },
        {
            "x": -129.024323,
            "y": -40.68097,
            "z": 268.764465
        },
        {
            "x": -79.7490158,
            "y": -43.6254539,
            "z": 303.8455
        },
        {
            "x": -325.701019,
            "y": -52.11915,
            "z": 375.3534
        },
        {
            "x": -330.186554,
            "y": -48.41938,
            "z": 272.7245
        },
        {
            "x": -372.842133,
            "y": -31.6716537,
            "z": 122.861572
        },
        {
            "x": -242.422836,
            "y": -5.127078,
            "z": -315.6029
        },
        {
            "x": -319.903,
            "y": -10.9427271,
            "z": -294.740753
        },
        {
            "x": -392.63324,
            "y": -19.1330166,
            "z": -232.886841
        },
        {
            "x": -325.4277,
            "y": -5.18854332,
            "z": -128.100967
        },
        {
            "x": 6.005573,
            "y": -22.8057022,
            "z": -118.157791
        },
        {
            "x": -5.91568232,
            "y": -30.30769,
            "z": -77.48981
        },
        {
            "x": 36.68114,
            "y": -29.3678246,
            "z": -166.98735
        },
        {
            "x": -41.08894,
            "y": -20.69434,
            "z": -301.110168
        },
        {
            "x": 50.0004959,
            "y": -25.5230064,
            "z": -307.836243
        },
        {
            "x": -128.082642,
            "y": -16.55224,
            "z": -223.0956
        },
        {
            "x": -320.7891,
            "y": -28.0839787,
            "z": 16.3643112
        },
        {
            "x": -485.611572,
            "y": -25.87707,
            "z": 260.667938
        },
        {
            "x": -514.1241,
            "y": -22.2631149,
            "z": 239.046112
        },
        {
            "x": -664.1528,
            "y": -26.9815788,
            "z": -223.64917
        },
        {
            "x": -526.116638,
            "y": -18.72693,
            "z": -331.1387
        },
        {
            "x": -93.8938,
            "y": -21.9964523,
            "z": -11.5245571
        },
        {
            "x": -124.336876,
            "y": -21.6604328,
            "z": -11.8949471
        },
        {
            "x": -233.7294,
            "y": -5.14097452,
            "z": -71.3974152
        },
        {
            "x": -217.814362,
            "y": 2.05198765,
            "z": -94.78622
        },
        {
            "x": -256.7907,
            "y": -0.8512883,
            "z": -94.9071045
        },
        {
            "x": -302.25824,
            "y": -0.841058254,
            "z": -88.7503
        },
        {
            "x": -360.33,
            "y": -0.841058433,
            "z": -82.93664
        },
        {
            "x": -252.080231,
            "y": -4.17085934,
            "z": -120.818764
        },
        {
            "x": -230.557266,
            "y": -5.140984,
            "z": -154.148712
        },
        {
            "x": -256.60083,
            "y": -8.286213,
            "z": -151.2978
        },
        {
            "x": -252.01857,
            "y": -3.68628645,
            "z": -161.343948
        },
        {
            "x": -251.906052,
            "y": -2.486289,
            "z": -138.023651
        },
        {
            "x": -166.705856,
            "y": -41.52841,
            "z": 173.461151
        },
        {
            "x": -202.438965,
            "y": -55.706768,
            "z": 397.497742
        },
        {
            "x": -418.723267,
            "y": -63.91924,
            "z": 544.665649
        },
        {
            "x": 294.2695,
            "y": -56.38294,
            "z": 143.52359
        },
        {
            "x": 426.357056,
            "y": -54.3388977,
            "z": 121.515076
        }
    ],
    "tarkovstreets": [
        {
            "x": -228.9754,
            "y": 2.107799,
            "z": 199.950272
        },
        {
            "x": -155.300674,
            "y": 2.081673,
            "z": 208.470657
        },
        {
            "x": -160.615158,
            "y": 0.865581632,
            "z": 75.9740448
        },
        {
            "x": -127.84626,
            "y": 0.781839848,
            "z": 87.1880646
        },
        {
            "x": -125.106552,
            "y": 0.9243626,
            "z": 126.187576
        },
        {
            "x": -52.2582,
            "y": 1.38301468,
            "z": 170.128311
        },
        {
            "x": -61.5404129,
            "y": 0.932775438,
            "z": 109.174782
        },
        {
            "x": -24.8766327,
            "y": 1.78900576,
            "z": 58.3910141
        },
        {
            "x": -55.9083481,
            "y": 1.41551459,
            "z": 155.552734
        },
        {
            "x": -68.0637741,
            "y": 5.092991,
            "z": -63.77947
        },
        {
            "x": -67.97296,
            "y": -7.074559e-7,
            "z": -4.810565
        },
        {
            "x": -37.1444359,
            "y": 0.5999951,
            "z": -32.7376671
        },
        {
            "x": -7.46514,
            "y": 0.0208243374,
            "z": -26.1403332
        },
        {
            "x": -58.5102921,
            "y": 0.599966764,
            "z": -75.24954
        },
        {
            "x": -14.1102762,
            "y": 3.03103065,
            "z": -81.0974045
        },
        {
            "x": -3.37550879,
            "y": 2.881245,
            "z": -127.355537
        },
        {
            "x": 5.26922941,
            "y": 1.15169644,
            "z": -68.36156
        },
        {
            "x": 37.47665,
            "y": 3.96623588,
            "z": -135.100113
        },
        {
            "x": 77.50228,
            "y": 3.9683342,
            "z": -142.666367
        },
        {
            "x": 82.1006241,
            "y": 3.96833158,
            "z": -177.74054
        },
        {
            "x": 89.79869,
            "y": 1.11031866,
            "z": -132.325638
        },
        {
            "x": 123.612617,
            "y": -1.87314129,
            "z": -111.913513
        },
        {
            "x": 149.8694,
            "y": -1.87309527,
            "z": -133.095062
        },
        {
            "x": 158.835785,
            "y": -1.87311709,
            "z": -95.78611
        },
        {
            "x": 191.907547,
            "y": -2.01049829,
            "z": -79.4270554
        },
        {
            "x": 217.113953,
            "y": -3.88318181,
            "z": -36.25435
        },
        {
            "x": 233.793243,
            "y": -2.496752,
            "z": -71.23111
        },
        {
            "x": 203.995316,
            "y": -4.769431,
            "z": -11.5495291
        },
        {
            "x": 106.070923,
            "y": 4.7885313,
            "z": -21.02793
        },
        {
            "x": 112.214989,
            "y": 4.7885313,
            "z": -21.3437519
        },
        {
            "x": 113.572174,
            "y": 4.78853655,
            "z": -40.82078
        },
        {
            "x": 116.447586,
            "y": -1.87313414,
            "z": -57.5473251
        },
        {
            "x": 84.03275,
            "y": -0.162714943,
            "z": -63.05489
        },
        {
            "x": 53.98858,
            "y": 0.249599427,
            "z": -43.4822655
        },
        {
            "x": 9.262692,
            "y": -3.73639441,
            "z": 3.46822286
        },
        {
            "x": -1.117072,
            "y": -3.73711419,
            "z": 24.567461
        },
        {
            "x": 44.5461273,
            "y": 1.18034458,
            "z": 117.062462
        },
        {
            "x": 44.1041374,
            "y": 1.1803391,
            "z": 75.046875
        },
        {
            "x": 36.91414,
            "y": 1.18040478,
            "z": 68.9335251
        },
        {
            "x": 56.97246,
            "y": 0.397140473,
            "z": 57.9545975
        },
        {
            "x": 54.4868927,
            "y": 0.5484973,
            "z": 44.1195946
        },
        {
            "x": 62.25278,
            "y": 0.549001455,
            "z": 33.5734177
        },
        {
            "x": 122.837036,
            "y": -2.30012441,
            "z": 57.67052
        },
        {
            "x": 191.5054,
            "y": -1.1768204,
            "z": 59.16162
        },
        {
            "x": 192.011627,
            "y": -1.176839,
            "z": 66.06465
        },
        {
            "x": 176.5835,
            "y": -4.6768446,
            "z": 73.0675
        },
        {
            "x": 220.149261,
            "y": -4.059657,
            "z": 58.3941765
        },
        {
            "x": 221.519363,
            "y": 2.99759579,
            "z": 81.23873
        },
        {
            "x": 183.102936,
            "y": 1.76610351,
            "z": 116.628685
        },
        {
            "x": 170.93335,
            "y": 0.9566515,
            "z": 172.83461
        },
        {
            "x": 109.912041,
            "y": 0.490021944,
            "z": 118.469307
        },
        {
            "x": 143.1119,
            "y": -1.37988162,
            "z": 91.9794
        },
        {
            "x": 205.351044,
            "y": 3.07040071,
            "z": 247.4064
        },
        {
            "x": 97.5400848,
            "y": 0.9364996,
            "z": 168.858719
        },
        {
            "x": 126.101883,
            "y": 13.5184221,
            "z": 144.1419
        },
        {
            "x": 84.46453,
            "y": 3.90368247,
            "z": 142.749069
        },
        {
            "x": -170.290222,
            "y": 2.11337972,
            "z": 440.323669
        },
        {
            "x": -101.308189,
            "y": 2.11335468,
            "z": 361.036774
        },
        {
            "x": -79.96146,
            "y": -0.183711633,
            "z": 409.8323
        },
        {
            "x": 10.6083565,
            "y": 2.113424,
            "z": 426.888519
        },
        {
            "x": -54.4047546,
            "y": 3.19708133,
            "z": 321.328156
        },
        {
            "x": -78.4012451,
            "y": 3.19744086,
            "z": 339.990051
        },
        {
            "x": 59.95955,
            "y": 2.60684919,
            "z": 423.9881
        },
        {
            "x": 8.824648,
            "y": 2.13935924,
            "z": 348.7206
        },
        {
            "x": -186.380463,
            "y": 8.614476,
            "z": 400.048737
        },
        {
            "x": -158.34198,
            "y": 8.612572,
            "z": 380.022339
        },
        {
            "x": -221.1521,
            "y": 2.12091279,
            "z": 359.617737
        },
        {
            "x": -25.4876137,
            "y": 2.20006251,
            "z": 297.187775
        },
        {
            "x": 4.214054,
            "y": 2.20871353,
            "z": 218.831329
        },
        {
            "x": -46.7913132,
            "y": 2.11725163,
            "z": 212.140076
        },
        {
            "x": -83.86213,
            "y": 3.51010728,
            "z": 241.6138
        },
        {
            "x": -84.04324,
            "y": 2.358707,
            "z": 249.765717
        },
        {
            "x": -101.2185,
            "y": 2.19800639,
            "z": 246.6991
        },
        {
            "x": -131.869812,
            "y": 2.197889,
            "z": 247.816681
        },
        {
            "x": -155.23465,
            "y": 2.19779921,
            "z": 249.716858
        },
        {
            "x": -154.923691,
            "y": 2.22095513,
            "z": 227.357285
        },
        {
            "x": -184.4226,
            "y": 6.06641436,
            "z": 223.642975
        },
        {
            "x": -184.168381,
            "y": 2.19787431,
            "z": 241.593765
        },
        {
            "x": -149.061646,
            "y": 6.14867,
            "z": 269.283173
        },
        {
            "x": -117.171272,
            "y": 2.63959932,
            "z": 285.9357
        },
        {
            "x": -85.02768,
            "y": 8.413222,
            "z": 278.134644
        },
        {
            "x": -154.791687,
            "y": 2.29289651,
            "z": 311.5837
        },
        {
            "x": -152.489044,
            "y": 2.21096,
            "z": 342.675262
        },
        {
            "x": -137.284424,
            "y": 2.2109642,
            "z": 328.442841
        },
        {
            "x": -127.688225,
            "y": 2.23712945,
            "z": 343.8944
        },
        {
            "x": 39.4837646,
            "y": 2.56007719,
            "z": 341.5682
        },
        {
            "x": 81.882,
            "y": 2.55628872,
            "z": 336.374237
        },
        {
            "x": 60.9842873,
            "y": 5.7976985,
            "z": 343.5245
        },
        {
            "x": 117.11364,
            "y": 6.750643,
            "z": 291.625946
        },
        {
            "x": 203.657639,
            "y": 3.452028,
            "z": 363.595337
        },
        {
            "x": 62.9715576,
            "y": 6.85558176,
            "z": 290.786224
        },
        {
            "x": 154.8535,
            "y": 3.75064158,
            "z": 309.719025
        },
        {
            "x": 143.04808,
            "y": 2.871796,
            "z": 323.747742
        },
        {
            "x": 202.632,
            "y": -1.25006545,
            "z": 363.586578
        },
        {
            "x": 276.829437,
            "y": 6.34998941,
            "z": 392.088043
        },
        {
            "x": 36.1275635,
            "y": 10.1858063,
            "z": 87.29144
        },
        {
            "x": 50.5263634,
            "y": 11.7166243,
            "z": 141.610718
        },
        {
            "x": 50.7457733,
            "y": 7.18405867,
            "z": 91.2875
        },
        {
            "x": 47.435,
            "y": 7.24534,
            "z": 107.845139
        },
        {
            "x": 44.529892,
            "y": 4.18363047,
            "z": 72.33434
        },
        {
            "x": 122.612183,
            "y": 3.521971,
            "z": 219.223389
        },
        {
            "x": 145.009277,
            "y": 3.522466,
            "z": 209.78566
        },
        {
            "x": 212.2424,
            "y": 3.78719974,
            "z": 115.374573
        },
        {
            "x": 209.4198,
            "y": 3.78719974,
            "z": 122.876549
        },
        {
            "x": -41.39667,
            "y": 5.041135,
            "z": 46.0307159
        },
        {
            "x": -72.89223,
            "y": 5.04112053,
            "z": 48.0756836
        },
        {
            "x": -81.16052,
            "y": 5.04111862,
            "z": 51.67197
        },
        {
            "x": -105.088333,
            "y": 5.0411067,
            "z": 60.3302879
        },
        {
            "x": -110.339211,
            "y": 5.04000044,
            "z": 86.46018
        },
        {
            "x": -92.96523,
            "y": 7.94104433,
            "z": 68.35757
        },
        {
            "x": -108.568382,
            "y": 7.942235,
            "z": 114.22876
        },
        {
            "x": -85.1983948,
            "y": 7.93998,
            "z": 144.19
        },
        {
            "x": -88.02677,
            "y": 1.40615463,
            "z": 121.4201
        },
        {
            "x": -127.038528,
            "y": 8.31007,
            "z": 285.117462
        },
        {
            "x": -135.19223,
            "y": 12.9909048,
            "z": 273.2028
        },
        {
            "x": -149.773178,
            "y": 8.342164,
            "z": 288.4396
        }
    ],
    "woods": [
        {
            "x": -21.8708954,
            "y": -5.32864237,
            "z": 72.58995
        },
        {
            "x": -32.08548,
            "y": 4.84805059,
            "z": -50.6048965
        },
        {
            "x": 41.9173546,
            "y": -3.67786026,
            "z": -26.7766342
        },
        {
            "x": 19.5125389,
            "y": -9.011598,
            "z": 65.02948
        },
        {
            "x": 114.254753,
            "y": -2.04330063,
            "z": 55.3718834
        },
        {
            "x": 249.192139,
            "y": -5.45481634,
            "z": 72.21627
        },
        {
            "x": 227.398071,
            "y": -9.470308,
            "z": 180.543411
        },
        {
            "x": 197.9464,
            "y": -0.388237119,
            "z": -26.7947521
        },
        {
            "x": 215.156021,
            "y": -1.27700889,
            "z": -102.578346
        },
        {
            "x": 38.2293243,
            "y": 7.688934,
            "z": -205.714966
        },
        {
            "x": -172.06424,
            "y": 0.864378154,
            "z": 405.2076
        },
        {
            "x": -250.7216,
            "y": 0.226280734,
            "z": 361.3807
        },
        {
            "x": -340.473969,
            "y": -1.40572536,
            "z": 326.737061
        },
        {
            "x": -459.1107,
            "y": -1.404109,
            "z": 270.858978
        },
        {
            "x": -450.745544,
            "y": 1.38820148,
            "z": 198.104675
        },
        {
            "x": -326.831482,
            "y": 0.368829757,
            "z": 204.5033
        },
        {
            "x": -177.905029,
            "y": 16.7610779,
            "z": -21.4411621
        },
        {
            "x": -276.682434,
            "y": 11.0329456,
            "z": -51.153183
        },
        {
            "x": -376.2254,
            "y": 4.6176796,
            "z": 49.28917
        },
        {
            "x": -456.222656,
            "y": 5.34994745,
            "z": 26.5812569
        },
        {
            "x": -443.847534,
            "y": 5.1325593,
            "z": 113.63678
        },
        {
            "x": -243.486267,
            "y": 2.85139084,
            "z": 127.215141
        },
        {
            "x": -110.245346,
            "y": 9.028954,
            "z": 13.7333288
        },
        {
            "x": 308.2715,
            "y": -7.57585859,
            "z": 294.116272
        },
        {
            "x": 395.21228,
            "y": -12.9743919,
            "z": 228.574661
        },
        {
            "x": 475.781982,
            "y": -15.0629759,
            "z": 181.780716
        },
        {
            "x": 319.086639,
            "y": -10.2217636,
            "z": 142.218643
        },
        {
            "x": 482.0048,
            "y": -10.7039766,
            "z": 65.23029
        },
        {
            "x": 389.872437,
            "y": -4.74489641,
            "z": 26.9135
        },
        {
            "x": 462.2872,
            "y": -4.350876,
            "z": -55.3400345
        },
        {
            "x": 321.300537,
            "y": -0.0336476527,
            "z": -50.0137
        },
        {
            "x": 289.017731,
            "y": 3.60101652,
            "z": -210.3734
        },
        {
            "x": 68.41141,
            "y": 32.4232864,
            "z": -331.457947
        },
        {
            "x": -9.772904,
            "y": 24.4314842,
            "z": -317.652344
        },
        {
            "x": 151.044434,
            "y": 18.79628,
            "z": -395.765167
        },
        {
            "x": 264.8838,
            "y": 14.5983677,
            "z": -471.580078
        },
        {
            "x": 134.4759,
            "y": 13.1191139,
            "z": -500.549377
        },
        {
            "x": -64.4324341,
            "y": 9.92917252,
            "z": -485.260956
        },
        {
            "x": -66.9152,
            "y": 8.427709,
            "z": -606.7346
        },
        {
            "x": -125.3347,
            "y": 20.61222,
            "z": -554.467468
        },
        {
            "x": -129.061188,
            "y": 8.907851,
            "z": -673.4315
        },
        {
            "x": -15.4278479,
            "y": 8.847536,
            "z": -728.1787
        },
        {
            "x": 48.6852455,
            "y": 8.337255,
            "z": -648.246948
        },
        {
            "x": 328.2595,
            "y": 23.1672153,
            "z": -617.673462
        },
        {
            "x": -62.1858368,
            "y": 10.0172329,
            "z": -483.5845
        },
        {
            "x": -122.252266,
            "y": 19.66957,
            "z": -544.7442
        },
        {
            "x": -132.430374,
            "y": 9.908818,
            "z": -663.4528
        },
        {
            "x": -8.8925,
            "y": 9.080714,
            "z": -733.2133
        },
        {
            "x": -196.050354,
            "y": 12.4925032,
            "z": -544.545044
        },
        {
            "x": -122.627235,
            "y": 22.3104572,
            "z": -401.341431
        },
        {
            "x": -302.259338,
            "y": 12.616312,
            "z": -477.548065
        },
        {
            "x": -366.733368,
            "y": 24.287365,
            "z": -237.489838
        },
        {
            "x": -476.55072,
            "y": 14.8675728,
            "z": -434.979919
        },
        {
            "x": -487.709747,
            "y": 14.843832,
            "z": -338.122467
        },
        {
            "x": -371.817474,
            "y": 14.2846632,
            "z": -410.197968
        },
        {
            "x": -547.8508,
            "y": 11.6692772,
            "z": -153.4028
        },
        {
            "x": -548.731,
            "y": 9.162501,
            "z": -95.49265
        },
        {
            "x": -272.540955,
            "y": 22.1338425,
            "z": -129.208755
        },
        {
            "x": -195.985168,
            "y": -1.87047946,
            "z": 216.908737
        },
        {
            "x": -217.9958,
            "y": -3.735521,
            "z": 234.425278
        },
        {
            "x": -245.491882,
            "y": 66.57639,
            "z": -284.199982
        },
        {
            "x": -186.886154,
            "y": 58.7333527,
            "z": -309.461456
        },
        {
            "x": 224.0336,
            "y": 24.2599449,
            "z": -706.837036
        },
        {
            "x": 154.719009,
            "y": 22.2377987,
            "z": -743.5294
        }
    ],
    "sandbox": [
        {
            "x": 78.8913651,
            "y": 13.9832163,
            "z": -19.680069
        },
        {
            "x": 122.56588,
            "y": 14.0749989,
            "z": 66.4324
        },
        {
            "x": 160.366653,
            "y": 22.6317348,
            "z": -66.53064
        },
        {
            "x": 2.14921021,
            "y": 23.81583,
            "z": -36.0392952
        },
        {
            "x": -27.0326729,
            "y": 24.1793537,
            "z": 33.7973938
        },
        {
            "x": 107.718552,
            "y": 22.772,
            "z": -3.15168047
        },
        {
            "x": 132.25885,
            "y": 22.7725849,
            "z": -13.0295925
        },
        {
            "x": 79.51972,
            "y": 22.5970764,
            "z": -13.8273869
        },
        {
            "x": 82.10412,
            "y": 22.6299419,
            "z": 86.1439056
        },
        {
            "x": 218.55397,
            "y": 16.017622,
            "z": 72.9133759
        },
        {
            "x": 141.195175,
            "y": 16.9269962,
            "z": -12.6727085
        },
        {
            "x": 177.65892,
            "y": 16.928,
            "z": 33.25186
        },
        {
            "x": 177.936035,
            "y": 24.4085732,
            "z": 99.48898
        },
        {
            "x": 26.2756386,
            "y": 23.9087486,
            "z": 64.74494
        },
        {
            "x": 10.1878328,
            "y": 22.5970783,
            "z": 111.48838
        },
        {
            "x": 29.7931786,
            "y": 23.4104671,
            "z": 154.091187
        },
        {
            "x": 125.663635,
            "y": 24.3965816,
            "z": 111.104942
        },
        {
            "x": 106.210938,
            "y": 24.3961983,
            "z": 149.942841
        },
        {
            "x": 82.25752,
            "y": 22.5970783,
            "z": 216.615524
        },
        {
            "x": 139.6771,
            "y": 22.5971031,
            "z": 240.506088
        },
        {
            "x": 30.7761421,
            "y": 22.769083,
            "z": 254.8241
        },
        {
            "x": 10.3320379,
            "y": 22.5970783,
            "z": 296.433777
        },
        {
            "x": 38.46531,
            "y": 22.5970783,
            "z": 315.5344
        },
        {
            "x": -6.496512,
            "y": 22.7383156,
            "z": 329.889374
        },
        {
            "x": 53.17043,
            "y": 30.8667278,
            "z": 156.669449
        },
        {
            "x": 113.90741,
            "y": 32.8090858,
            "z": 283.4413
        },
        {
            "x": 122.470291,
            "y": 28.1390553,
            "z": 294.020081
        }
    ],
    "sandbox_high": [
        {
            "x": 78.8913651,
            "y": 13.9832163,
            "z": -19.680069
        },
        {
            "x": 122.56588,
            "y": 14.0749989,
            "z": 66.4324
        },
        {
            "x": 160.366653,
            "y": 22.6317348,
            "z": -66.53064
        },
        {
            "x": 2.14921021,
            "y": 23.81583,
            "z": -36.0392952
        },
        {
            "x": -27.0326729,
            "y": 24.1793537,
            "z": 33.7973938
        },
        {
            "x": 107.718552,
            "y": 22.772,
            "z": -3.15168047
        },
        {
            "x": 132.25885,
            "y": 22.7725849,
            "z": -13.0295925
        },
        {
            "x": 79.51972,
            "y": 22.5970764,
            "z": -13.8273869
        },
        {
            "x": 82.10412,
            "y": 22.6299419,
            "z": 86.1439056
        },
        {
            "x": 218.55397,
            "y": 16.017622,
            "z": 72.9133759
        },
        {
            "x": 141.195175,
            "y": 16.9269962,
            "z": -12.6727085
        },
        {
            "x": 177.65892,
            "y": 16.928,
            "z": 33.25186
        },
        {
            "x": 177.936035,
            "y": 24.4085732,
            "z": 99.48898
        },
        {
            "x": 26.2756386,
            "y": 23.9087486,
            "z": 64.74494
        },
        {
            "x": 10.1878328,
            "y": 22.5970783,
            "z": 111.48838
        },
        {
            "x": 29.7931786,
            "y": 23.4104671,
            "z": 154.091187
        },
        {
            "x": 125.663635,
            "y": 24.3965816,
            "z": 111.104942
        },
        {
            "x": 106.210938,
            "y": 24.3961983,
            "z": 149.942841
        },
        {
            "x": 82.25752,
            "y": 22.5970783,
            "z": 216.615524
        },
        {
            "x": 139.6771,
            "y": 22.5971031,
            "z": 240.506088
        },
        {
            "x": 30.7761421,
            "y": 22.769083,
            "z": 254.8241
        },
        {
            "x": 10.3320379,
            "y": 22.5970783,
            "z": 296.433777
        },
        {
            "x": 38.46531,
            "y": 22.5970783,
            "z": 315.5344
        },
        {
            "x": -6.496512,
            "y": 22.7383156,
            "z": 329.889374
        },
        {
            "x": 53.17043,
            "y": 30.8667278,
            "z": 156.669449
        },
        {
            "x": 113.90741,
            "y": 32.8090858,
            "z": 283.4413
        },
        {
            "x": 122.470291,
            "y": 28.1390553,
            "z": 294.020081
        }
    ]
}