{
  "bigmap": [
    {
      "x": 644.906433,
      "y": 0.8981615299999999,
      "z": 124.177345
    },
    {
      "x": 626.361267,
      "y": 2.281789,
      "z": 97.45197
    },
    {
      "x": 603.0844,
      "y": 6.63166046,
      "z": 109.145416
    },
    {
      "x": 562.159058,
      "y": 15.7497768,
      "z": 147.763718
    },
    {
      "x": 544.4945,
      "y": 6.16559,
      "z": 67.1485443
    },
    {
      "x": 503.0341,
      "y": 9.951932,
      "z": 60.12894
    },
    {
      "x": 484.279755,
      "y": 11.595027,
      "z": 81.32664
    },
    {
      "x": 506.216034,
      "y": 14.5007343,
      "z": 122.326782
    },
    {
      "x": 478.075165,
      "y": 3.44185948,
      "z": 161.85881
    },
    {
      "x": 465.621368,
      "y": 4.50928736,
      "z": 140.425964
    },
    {
      "x": 456.2658,
      "y": 12.4092331,
      "z": 99.6092453
    },
    {
      "x": 418.384766,
      "y": 3.013848,
      "z": 70.34274
    },
    {
      "x": 396.615173,
      "y": 2.42234719,
      "z": 77.499176
    },
    {
      "x": 371.085266,
      "y": 1.326120853,
      "z": 78.38702
    },
    {
      "x": 376.3876,
      "y": 10.87682,
      "z": 139.199188
    },
    {
      "x": 385.614746,
      "y": 13.8405361,
      "z": 184.8955
    },
    {
      "x": 426.6256,
      "y": 10.248782,
      "z": 197.895172
    },
    {
      "x": 346.459351,
      "y": 6.399575,
      "z": 121.327972
    },
    {
      "x": 344.132172,
      "y": 2.27664137,
      "z": 79.69861
    },
    {
      "x": 328.555145,
      "y": 1.79390025,
      "z": 60.5217361
    },
    {
      "x": 350.6124,
      "y": 0.0010866520000000213,
      "z": 52.32654
    },
    {
      "x": 297.700684,
      "y": -1.1482155300000003,
      "z": 63.2100143
    },
    {
      "x": 266.6165,
      "y": -2.57164049,
      "z": 82.3688354
    },
    {
      "x": 254.3162,
      "y": 0.6469844579999999,
      "z": 150.997452
    },
    {
      "x": 239.714874,
      "y": -0.1937426,
      "z": 182.810669
    },
    {
      "x": 214.285873,
      "y": -0.6202864599999999,
      "z": 191.926
    },
    {
      "x": 163.75354,
      "y": -1.18064094,
      "z": 199.564789
    },
    {
      "x": 152.44104,
      "y": -1.02730823,
      "z": 179.044189
    },
    {
      "x": 138.656036,
      "y": -1.3767459400000002,
      "z": 154.9155
    },
    {
      "x": 105.77549,
      "y": -2.40459538,
      "z": 157.900436
    },
    {
      "x": 59.79218,
      "y": -3.840946,
      "z": 119.544525
    },
    {
      "x": 58.0996246,
      "y": -3.09243417,
      "z": 92.6208344
    },
    {
      "x": 84.8447342,
      "y": -1.4591472100000002,
      "z": 68.26317
    },
    {
      "x": 108.150818,
      "y": -1.2258721600000002,
      "z": 61.8904152
    },
    {
      "x": 122.396339,
      "y": -0.06853450000000005,
      "z": 39.57657
    },
    {
      "x": 202.368149,
      "y": -0.85824311,
      "z": 48.7537422
    },
    {
      "x": 264.085541,
      "y": 1.66909194,
      "z": -10.8289251
    },
    {
      "x": 203.49527,
      "y": 4.3712194,
      "z": 10.7429361
    },
    {
      "x": 179.710632,
      "y": 1.7927557199999997,
      "z": 13.6136341
    },
    {
      "x": 198.832474,
      "y": -2.25874782,
      "z": -143.868073
    },
    {
      "x": 226.274445,
      "y": 1.8120700000000003,
      "z": -152.466934
    },
    {
      "x": 256.12677,
      "y": 1.7255953599999998,
      "z": -148.035065
    },
    {
      "x": 284.246155,
      "y": 4.627302,
      "z": -150.493774
    },
    {
      "x": 287.6501,
      "y": 2.05195332,
      "z": -203.412674
    },
    {
      "x": 330.932831,
      "y": 4.700771,
      "z": -120.073845
    },
    {
      "x": 352.167236,
      "y": 4.736766,
      "z": -111.830849
    },
    {
      "x": 390.7965,
      "y": 1.6705870000000003,
      "z": -115.596779
    },
    {
      "x": 421.22998,
      "y": 4.714122,
      "z": -130.802536
    },
    {
      "x": 483.3155,
      "y": 1.6157716500000001,
      "z": -40.8431053
    },
    {
      "x": 426.0826,
      "y": 1.63224256,
      "z": -53.929306
    },
    {
      "x": 396.652435,
      "y": 1.63732862,
      "z": -56.5637321
    },
    {
      "x": 376.458038,
      "y": 1.63391733,
      "z": -77.90272
    },
    {
      "x": 369.4044,
      "y": 1.6490515500000003,
      "z": -46.484272
    },
    {
      "x": 364.615417,
      "y": 1.6643312,
      "z": -14.8107471
    },
    {
      "x": 345.536652,
      "y": 1.6643312,
      "z": -7.421874
    },
    {
      "x": 339.773926,
      "y": 1.7952646000000003,
      "z": -42.7292328
    },
    {
      "x": 335.0259,
      "y": 1.79291511,
      "z": -65.39027
    },
    {
      "x": 337.741577,
      "y": 1.8020970800000002,
      "z": -90.68583
    },
    {
      "x": 348.3853,
      "y": 1.60662079,
      "z": -162.4169
    },
    {
      "x": 246.582047,
      "y": 1.62401426,
      "z": -72.66881
    },
    {
      "x": 198.178619,
      "y": 1.60544419,
      "z": -36.5095139
    },
    {
      "x": 168.025085,
      "y": 1.64992464,
      "z": -63.5274277
    },
    {
      "x": 107.300087,
      "y": 1.89460659,
      "z": -89.24351
    },
    {
      "x": 59.10971,
      "y": 1.78355861,
      "z": -72.69168
    },
    {
      "x": 69.4475,
      "y": 1.62255371,
      "z": -40.80853
    },
    {
      "x": 49.4975929,
      "y": 1.69499338,
      "z": -11.2656345
    },
    {
      "x": 57.7471161,
      "y": 1.2125401500000001,
      "z": 7.39377356
    },
    {
      "x": 31.7893028,
      "y": -0.57776749,
      "z": 36.7203445
    },
    {
      "x": -10.3683844,
      "y": -0.05755339999999998,
      "z": 35.80947
    },
    {
      "x": -51.72802,
      "y": -12.3136,
      "z": 45.1565933
    },
    {
      "x": -24.8628845,
      "y": -8.340166,
      "z": 85.35458
    },
    {
      "x": -29.1821213,
      "y": -10.4283419,
      "z": 114.228783
    },
    {
      "x": -2.24856186,
      "y": -3.89206457,
      "z": 107.59346
    },
    {
      "x": 24.3358936,
      "y": -0.5024679999999999,
      "z": 93.39741
    },
    {
      "x": -34.4313431,
      "y": 0.813168645,
      "z": -1.44573927
    },
    {
      "x": -55.7129135,
      "y": 0.9166388809999999,
      "z": 6.919475
    },
    {
      "x": -91.02421,
      "y": 0.952377856,
      "z": 13.643033
    },
    {
      "x": -114.557045,
      "y": 0.9437701700000001,
      "z": 11.1768637
    },
    {
      "x": -180.599655,
      "y": 0.58265871,
      "z": 5.27551126
    },
    {
      "x": -215.955322,
      "y": -0.013305400000000023,
      "z": -13.3671389
    },
    {
      "x": -259.435455,
      "y": 1.3692214489999999,
      "z": -78.33612
    },
    {
      "x": -280.582581,
      "y": 1.3692214489999999,
      "z": -83.72153
    },
    {
      "x": -235.118942,
      "y": 0.669038743,
      "z": -74.0859756
    },
    {
      "x": -220.864914,
      "y": 1.177674949,
      "z": -60.190094
    },
    {
      "x": -203.166962,
      "y": 1.7511124599999999,
      "z": -33.57056
    },
    {
      "x": -177.894531,
      "y": 1.4358563420000001,
      "z": -45.2099152
    },
    {
      "x": -157.088531,
      "y": 1.8825273500000002,
      "z": -54.9010544
    },
    {
      "x": -154.064285,
      "y": 1.4300753469999998,
      "z": -74.9202957
    },
    {
      "x": -163.1226,
      "y": 3.6211976999999997,
      "z": -145.316788
    },
    {
      "x": -209.131683,
      "y": 1.4477444,
      "z": -182.339951
    },
    {
      "x": -185.093231,
      "y": 2.305265,
      "z": -186.7409
    },
    {
      "x": -207.87764,
      "y": 1.7551697500000003,
      "z": -210.167908
    },
    {
      "x": -317.067,
      "y": 1.4162192,
      "z": -190.285339
    },
    {
      "x": -317.486,
      "y": 1.4685522,
      "z": -166.049088
    },
    {
      "x": -331.278442,
      "y": 0.48691936,
      "z": -123.1832
    },
    {
      "x": -286.7494,
      "y": -0.31516520000000003,
      "z": -50.11011
    },
    {
      "x": -272.3683,
      "y": 0.17205542299999999,
      "z": -26.6685658
    },
    {
      "x": -131.165543,
      "y": -1.6290636100000002,
      "z": -29.30433
    },
    {
      "x": -94.1864,
      "y": -8.880024,
      "z": -44.7925224
    },
    {
      "x": -72.3187256,
      "y": -9.208183,
      "z": -49.1068764
    },
    {
      "x": 19.31347,
      "y": 0.44983119520000003,
      "z": -25.515543
    },
    {
      "x": 0.497767746,
      "y": 1.57023323,
      "z": -76.42957
    },
    {
      "x": 1.38900924,
      "y": 1.60138083,
      "z": -126.827271
    },
    {
      "x": 32.1375656,
      "y": 1.6066588199999998,
      "z": -112.356575
    },
    {
      "x": 61.3254623,
      "y": 1.6635679999999997,
      "z": -109.5339
    },
    {
      "x": 576.8831,
      "y": 1.94585454,
      "z": -58.348877
    },
    {
      "x": 563.104065,
      "y": -0.31062540000000005,
      "z": 2.00142
    },
    {
      "x": 543.3302,
      "y": 0.320250139,
      "z": -0.442697
    }
  ],
  "factory4_day": [
    {
      "x": 14.9062071,
      "y": 5.108978,
      "z": 46.65968
    },
    {
      "x": 14.771657,
      "y": 1.5306538300000003,
      "z": 38.67751
    },
    {
      "x": -39.7549133,
      "y": 7.987152,
      "z": 62.6642342
    },
    {
      "x": -22.3375015,
      "y": 7.987169,
      "z": 9.725967
    },
    {
      "x": 8.108521,
      "y": 7.85232925,
      "z": -0.255552679
    },
    {
      "x": 34.8389435,
      "y": 8.22901058,
      "z": -6.220801
    },
    {
      "x": 30.718338,
      "y": 7.6758880000000005,
      "z": -32.70795
    },
    {
      "x": 17.4661484,
      "y": 0.16427895400000003,
      "z": -44.53234
    },
    {
      "x": -8.074425,
      "y": 0.14414432599999993,
      "z": -49.441864
    }
  ],
  "factory4_night": [
    {
      "x": 14.9062071,
      "y": 5.108978,
      "z": 46.65968
    },
    {
      "x": 14.771657,
      "y": 1.5306538300000003,
      "z": 38.67751
    },
    {
      "x": -39.7549133,
      "y": 7.987152,
      "z": 62.6642342
    },
    {
      "x": -22.3375015,
      "y": 7.987169,
      "z": 9.725967
    },
    {
      "x": 8.108521,
      "y": 7.85232925,
      "z": -0.255552679
    },
    {
      "x": 34.8389435,
      "y": 8.22901058,
      "z": -6.220801
    },
    {
      "x": 30.718338,
      "y": 7.6758880000000005,
      "z": -32.70795
    },
    {
      "x": 17.4661484,
      "y": 0.16427895400000003,
      "z": -44.53234
    },
    {
      "x": -8.074425,
      "y": 0.14414432599999993,
      "z": -49.441864
    }
  ],
  "interchange": [
    {
      "x": 306.6949,
      "y": 22.3703613,
      "z": -163.197372
    },
    {
      "x": 370.984,
      "y": 18.8629875,
      "z": -229.275665
    },
    {
      "x": 431.68576,
      "y": 18.074276,
      "z": -320.8318
    },
    {
      "x": 373.3453,
      "y": 18.3586578,
      "z": -375.009766
    },
    {
      "x": 235.885757,
      "y": 20.7026825,
      "z": -276.835724
    },
    {
      "x": 213.305908,
      "y": 20.7839127,
      "z": -213.397018
    },
    {
      "x": 223.268372,
      "y": 20.42921,
      "z": -141.728333
    },
    {
      "x": 214.012634,
      "y": 20.7538376,
      "z": -85.7485046
    },
    {
      "x": 171.5519,
      "y": 21.9475384,
      "z": -65.2406
    },
    {
      "x": 139.65799,
      "y": 21.856554,
      "z": 44.3145
    },
    {
      "x": 67.2355347,
      "y": 21.9292259,
      "z": 204.827774
    },
    {
      "x": -119.261528,
      "y": 22.9796734,
      "z": 261.25354
    },
    {
      "x": -207.836472,
      "y": 24.0151825,
      "z": 257.108459
    },
    {
      "x": -309.632141,
      "y": 21.82544,
      "z": 244.291122
    },
    {
      "x": -347.45932,
      "y": 25.7521248,
      "z": 203.852646
    },
    {
      "x": -295.677856,
      "y": 23.1690922,
      "z": 176.239868
    }
  ],
  "laboratory": [],
  "lighthouse": [
    {
      "x": -135.948944,
      "y": 29.7065582,
      "z": 261.309052
    },
    {
      "x": -35.25838,
      "y": 7.76675463,
      "z": 240.817337
    },
    {
      "x": 6.31064749,
      "y": 6.59248972,
      "z": 246.753387
    },
    {
      "x": -1.88037038,
      "y": 6.57795048,
      "z": 295.319458
    },
    {
      "x": -2.71696925,
      "y": 6.57795048,
      "z": 335.996
    },
    {
      "x": 6.92733955,
      "y": 6.59636354,
      "z": 179.35527
    },
    {
      "x": 40.35865,
      "y": 10.430348,
      "z": 139.536423
    },
    {
      "x": 60.38063,
      "y": 24.3006668,
      "z": 118.797821
    },
    {
      "x": 49.2740135,
      "y": 15.7289438,
      "z": 62.4863853
    },
    {
      "x": 50.048172,
      "y": 10.181008,
      "z": 36.49277
    },
    {
      "x": -390.437561,
      "y": 15.1578426,
      "z": -414.736542
    },
    {
      "x": -335.245728,
      "y": 0.5389716178,
      "z": -350.177032
    },
    {
      "x": -301.3966,
      "y": 0.5476846956,
      "z": -322.756256
    },
    {
      "x": -274.1688,
      "y": 1.2555660610000001,
      "z": -307.504456
    },
    {
      "x": -153.8565,
      "y": 8.914719,
      "z": -324.440125
    },
    {
      "x": -184.331436,
      "y": 13.2631092,
      "z": -208.147415
    },
    {
      "x": -277.284058,
      "y": 14.2382278,
      "z": -175.448
    },
    {
      "x": -271.556183,
      "y": 14.285676,
      "z": -204.831665
    }
  ],
  "rezervbase": [
    {
      "x": -60.7591362,
      "y": -6.47912836,
      "z": 76.7873
    },
    {
      "x": -90.6994553,
      "y": -1.54958749,
      "z": 140.122711
    },
    {
      "x": -57.1098747,
      "y": -15.3225021,
      "z": 162.027344
    },
    {
      "x": -70.86728,
      "y": -18.0448246,
      "z": 142.329178
    },
    {
      "x": -93.04627,
      "y": -15.704044299999998,
      "z": 153.5963
    },
    {
      "x": -59.9861,
      "y": -19.3641968,
      "z": 95.98342
    },
    {
      "x": -70.7831345,
      "y": -18.3293934,
      "z": 70.56265
    },
    {
      "x": -109.326,
      "y": -10.1063776,
      "z": 68.1899643
    }
  ],
  "shoreline": [
    {
      "x": 21.7578163,
      "y": -21.7658558,
      "z": -116.816818
    },
    {
      "x": 51.85456,
      "y": -21.2345924,
      "z": -120.915588
    },
    {
      "x": 94.2967148,
      "y": -32.8620949,
      "z": -94.95909
    },
    {
      "x": 136.4691,
      "y": -40.0397949,
      "z": -84.48611
    },
    {
      "x": 277.8101,
      "y": -49.2844,
      "z": -56.9202156
    },
    {
      "x": 320.6921,
      "y": -47.4757919,
      "z": 50.2625961
    },
    {
      "x": 228.25061,
      "y": -51.7036667,
      "z": 222.827835
    },
    {
      "x": 175.620438,
      "y": -52.099472,
      "z": 278.2336
    },
    {
      "x": 143.395874,
      "y": -51.7199,
      "z": 291.1424
    },
    {
      "x": 105.224106,
      "y": -45.3506241,
      "z": 285.132477
    },
    {
      "x": 72.14921,
      "y": -49.69929,
      "z": 317.7179
    },
    {
      "x": -40.3800163,
      "y": -47.5226631,
      "z": 302.809326
    },
    {
      "x": -89.9393158,
      "y": -47.8895874,
      "z": 385.692047
    },
    {
      "x": -119.667892,
      "y": -45.9225769,
      "z": 387.7154
    },
    {
      "x": -340.330139,
      "y": -40.96095,
      "z": 199.740189
    },
    {
      "x": -397.821136,
      "y": -31.2467251,
      "z": 168.270218
    },
    {
      "x": -534.1599,
      "y": -31.0766544,
      "z": 122.78479
    },
    {
      "x": -608.3026,
      "y": -42.90004,
      "z": 89.1378
    },
    {
      "x": -694.9616,
      "y": -29.0427952,
      "z": 93.6625
    },
    {
      "x": -720.35614,
      "y": -27.035532,
      "z": 103.138641
    },
    {
      "x": -731.1302,
      "y": -28.6101246,
      "z": 82.78596
    },
    {
      "x": -553.0381,
      "y": -31.1007023,
      "z": -122.218216
    },
    {
      "x": -517.332031,
      "y": -18.1244888,
      "z": -331.826874
    }
  ],
  "tarkovstreets": [],
  "woods": [
    {
      "x": -367.8166,
      "y": 1.5299747,
      "z": 216.489624
    },
    {
      "x": -355.625641,
      "y": 1.6345452099999997,
      "z": 236.7333
    },
    {
      "x": -428.700623,
      "y": 1.338670969,
      "z": 212.33313
    },
    {
      "x": -304.072327,
      "y": 0.005421757999999999,
      "z": 242.913086
    },
    {
      "x": -448.8098,
      "y": 1.4670438999999997,
      "z": 224.85231
    },
    {
      "x": -277.704,
      "y": -0.7169679399999999,
      "z": 250.8364
    },
    {
      "x": -481.6612,
      "y": 1.357273936,
      "z": 237.128357
    },
    {
      "x": -466.4007,
      "y": 4.65177965,
      "z": 132.510712
    },
    {
      "x": -250.773041,
      "y": -1.39268231,
      "z": 282.419952
    },
    {
      "x": -489.674,
      "y": 7.554838,
      "z": 126.403336
    },
    {
      "x": -517.8711,
      "y": 7.819247000000001,
      "z": 147.575439
    },
    {
      "x": -210.89325,
      "y": -2.669741,
      "z": 296.864471
    },
    {
      "x": -181.263977,
      "y": -1.31454265,
      "z": 232.462677
    },
    {
      "x": -428.517029,
      "y": 6.793571,
      "z": 35.4942551
    },
    {
      "x": -378.195068,
      "y": 7.07278252,
      "z": 22.6268425
    },
    {
      "x": -163.35112,
      "y": -1.711656,
      "z": 239.952072
    },
    {
      "x": -430.651367,
      "y": 8.555316,
      "z": 6.447655
    },
    {
      "x": -132.422562,
      "y": -7.198452,
      "z": 247.045151
    },
    {
      "x": -316.197662,
      "y": 15.5482187,
      "z": -14.9898186
    },
    {
      "x": -117.863922,
      "y": -8.724307,
      "z": 201.516327
    },
    {
      "x": -97.31543,
      "y": 0.8171915410000001,
      "z": 113.906586
    },
    {
      "x": -85.91561,
      "y": -4.17538929,
      "z": 147.257584
    },
    {
      "x": -89.87441,
      "y": 5.20825052,
      "z": 85.265625
    },
    {
      "x": -169.262314,
      "y": 21.34261,
      "z": -47.7785568
    },
    {
      "x": -462.13913,
      "y": 24.1336365,
      "z": -117.927254
    },
    {
      "x": -495.445251,
      "y": 23.7535133,
      "z": -112.491013
    },
    {
      "x": -541.019,
      "y": 9.908503,
      "z": -107.516991
    },
    {
      "x": -385.643646,
      "y": 26.2474461,
      "z": -154.487122
    },
    {
      "x": -416.074036,
      "y": 30.8520775,
      "z": -170.099075
    },
    {
      "x": -375.345367,
      "y": 26.5590916,
      "z": -184.149719
    },
    {
      "x": -547.0925,
      "y": 13.7237806,
      "z": -143.77977
    },
    {
      "x": -14.4089851,
      "y": -3.13456535,
      "z": 0.755433738
    },
    {
      "x": -516.345,
      "y": 16.3131075,
      "z": -176.483322
    },
    {
      "x": -339.7615,
      "y": 31.6987228,
      "z": -202.20076
    },
    {
      "x": -531.747253,
      "y": 14.3916121,
      "z": -185.982559
    },
    {
      "x": 2.31268787,
      "y": -3.13456535,
      "z": -33.8564453
    },
    {
      "x": -316.546173,
      "y": 36.1329842,
      "z": -227.459656
    },
    {
      "x": -254.624725,
      "y": 60.1661339,
      "z": -232.042465
    },
    {
      "x": -559.7915,
      "y": 20.9346943,
      "z": -213.880737
    },
    {
      "x": -232.025375,
      "y": 68.20237,
      "z": -230.872528
    },
    {
      "x": -511.462,
      "y": 22.172781,
      "z": -248.92804
    },
    {
      "x": 10.3727036,
      "y": 6.879104,
      "z": -126.07653
    },
    {
      "x": -515.914,
      "y": 22.3329887,
      "z": -284.8565
    },
    {
      "x": 28.5608654,
      "y": 7.59594154,
      "z": -148.208359
    },
    {
      "x": -198.543365,
      "y": 70.64696,
      "z": -290.822
    },
    {
      "x": -496.105835,
      "y": 15.4777937,
      "z": -327.011749
    },
    {
      "x": -184.086792,
      "y": 55.1406975,
      "z": -319.1492
    },
    {
      "x": 88.2232,
      "y": 14.2387409,
      "z": -143.665421
    },
    {
      "x": -136.267685,
      "y": 34.8288536,
      "z": -318.203339
    },
    {
      "x": 116.832344,
      "y": 2.532036,
      "z": -110.569809
    },
    {
      "x": 137.45372,
      "y": 1.1641575,
      "z": -90.65133
    },
    {
      "x": 152.758224,
      "y": 0.966107547,
      "z": -64.61185
    },
    {
      "x": 103.807045,
      "y": 7.737143,
      "z": -146.0022
    },
    {
      "x": -512.950439,
      "y": 16.0324688,
      "z": -387.301819
    },
    {
      "x": -405.989166,
      "y": 15.5477514,
      "z": -407.3094
    },
    {
      "x": -54.2721634,
      "y": 28.0251751,
      "z": -340.654572
    },
    {
      "x": 234.365692,
      "y": -1.4303108500000001,
      "z": -39.79725
    },
    {
      "x": 86.9553452,
      "y": 23.222435,
      "z": -260.8882
    },
    {
      "x": -453.858734,
      "y": 15.671413399999999,
      "z": -439.50528
    },
    {
      "x": -396.451263,
      "y": 14.991972,
      "z": -444.567352
    },
    {
      "x": -536.5344,
      "y": 13.1487293,
      "z": -426.075
    },
    {
      "x": 107.398819,
      "y": 15.7541695,
      "z": -250.02562
    },
    {
      "x": 206.728928,
      "y": 0.04770399999999997,
      "z": -123.707054
    },
    {
      "x": 62.7092819,
      "y": 29.7554436,
      "z": -295.579742
    },
    {
      "x": 171.639832,
      "y": 3.44120073,
      "z": -187.104324
    },
    {
      "x": 195.597519,
      "y": 7.940307619999999,
      "z": -161.77626
    },
    {
      "x": -393.2641,
      "y": 13.4295111,
      "z": -463.9972
    },
    {
      "x": -460.000519,
      "y": 15.1067963,
      "z": -460.3208
    },
    {
      "x": 317.635834,
      "y": -3.7734720000000004,
      "z": 268.1204
    },
    {
      "x": 150.440338,
      "y": 11.39805,
      "z": -245.718033
    },
    {
      "x": 321.049866,
      "y": -10.5961428,
      "z": 321.119019
    },
    {
      "x": 332.753052,
      "y": -12.5168514,
      "z": 233.0787
    },
    {
      "x": -475.572571,
      "y": 15.6033182,
      "z": -485.036865
    },
    {
      "x": 64.2127,
      "y": 34.08129,
      "z": -347.296631
    },
    {
      "x": -376.822418,
      "y": 12.6085739,
      "z": -494.413025
    },
    {
      "x": -503.204834,
      "y": 11.5744905,
      "z": -485.498871
    },
    {
      "x": 359.0837,
      "y": -6.3338685,
      "z": 66.74757
    },
    {
      "x": 384.366516,
      "y": -14.0767221,
      "z": 211.104614
    },
    {
      "x": -363.5584,
      "y": 11.1137409,
      "z": -545.356445
    },
    {
      "x": -342.406,
      "y": 9.84198,
      "z": -554.570251
    },
    {
      "x": -325.7032,
      "y": 9.841121,
      "z": -561.30304
    },
    {
      "x": 397.3366,
      "y": -6.360728,
      "z": 56.2292328
    },
    {
      "x": 198.63533,
      "y": 28.4436016,
      "z": -327.362152
    },
    {
      "x": 419.818359,
      "y": -15.733121899999999,
      "z": 263.8511
    },
    {
      "x": 183.154312,
      "y": 17.3547249,
      "z": -356.9713
    },
    {
      "x": 225.707382,
      "y": 25.55102,
      "z": -316.272156
    },
    {
      "x": -291.990234,
      "y": 10.5934067,
      "z": -581.269348
    },
    {
      "x": 438.246429,
      "y": -17.6965561,
      "z": 283.138275
    },
    {
      "x": 272.682129,
      "y": 10.78617,
      "z": -278.433929
    },
    {
      "x": -265.428162,
      "y": 11.0340672,
      "z": -587.643066
    },
    {
      "x": 391.62207,
      "y": -1.5557944799999999,
      "z": -83.4359055
    },
    {
      "x": 236.677338,
      "y": 28.3932362,
      "z": -333.42572
    },
    {
      "x": 459.435822,
      "y": -17.6098919,
      "z": 236.483841
    },
    {
      "x": 443.479553,
      "y": -8.517115,
      "z": 51.0366745
    },
    {
      "x": 458.2012,
      "y": -18.5950489,
      "z": 274.239471
    },
    {
      "x": 397.907166,
      "y": -1.2649157,
      "z": -103.177422
    },
    {
      "x": 450.1929,
      "y": -9.5312262,
      "z": 72.72984
    },
    {
      "x": 191.69812,
      "y": 16.5970421,
      "z": -403.895325
    },
    {
      "x": 119.32357,
      "y": 16.1197472,
      "z": -464.643066
    },
    {
      "x": 460.334259,
      "y": -10.4513264,
      "z": 88.24868
    },
    {
      "x": 139.936264,
      "y": 15.688638699999998,
      "z": -452.16272
    },
    {
      "x": -259.789856,
      "y": 12.6040115,
      "z": -619.618958
    },
    {
      "x": 474.6707,
      "y": -14.8565722,
      "z": 182.078461
    },
    {
      "x": 344.15,
      "y": 11.455224,
      "z": -236.172928
    },
    {
      "x": 473.9984,
      "y": -13.3583174,
      "z": 143.817062
    },
    {
      "x": 113.907272,
      "y": 12.5399017,
      "z": -496.1842
    },
    {
      "x": -220.563034,
      "y": 12.9895353,
      "z": -637.5554
    },
    {
      "x": -101.616692,
      "y": 8.488135,
      "z": -618.0946
    },
    {
      "x": 444.893982,
      "y": -3.08344579,
      "z": -118.232773
    },
    {
      "x": -74.43431,
      "y": 8.262597,
      "z": -614.8273
    },
    {
      "x": 367.111145,
      "y": 14.7752094,
      "z": -291.6535
    },
    {
      "x": 107.839539,
      "y": 9.87871,
      "z": -545.37854
    },
    {
      "x": -182.603683,
      "y": 13.0685749,
      "z": -662.7072
    },
    {
      "x": 405.5572,
      "y": 10.028961,
      "z": -244.471786
    },
    {
      "x": 357.372528,
      "y": 17.9918385,
      "z": -329.917847
    },
    {
      "x": 122.562515,
      "y": 8.610595,
      "z": -563.561157
    },
    {
      "x": -136.890182,
      "y": 11.0281343,
      "z": -682.508362
    },
    {
      "x": -72.1027756,
      "y": 8.2830224,
      "z": -669.3367
    },
    {
      "x": 32.444046,
      "y": 8.211728,
      "z": -630.614441
    },
    {
      "x": 160.3424,
      "y": 8.988352,
      "z": -583.2388
    },
    {
      "x": 51.9643135,
      "y": 8.49915266,
      "z": -660.1815
    },
    {
      "x": 116.752419,
      "y": 8.309252260000001,
      "z": -648.1417
    },
    {
      "x": 82.0800552,
      "y": 8.33903027,
      "z": -670.472961
    },
    {
      "x": 304.846924,
      "y": 23.6567,
      "z": -611.956238
    },
    {
      "x": 288.239624,
      "y": 11.9912653,
      "z": -563.44696
    },
    {
      "x": 263.664825,
      "y": 11.0223513,
      "z": -549.5286
    },
    {
      "x": 247.731781,
      "y": 23.6235847,
      "z": -432.028
    },
    {
      "x": -7.00850534,
      "y": 24.25184,
      "z": -349.347656
    },
    {
      "x": -48.5930557,
      "y": 27.1022758,
      "z": -366.4513
    },
    {
      "x": -61.04769,
      "y": 25.3034344,
      "z": -299.036621
    },
    {
      "x": -69.37161,
      "y": 20.41965,
      "z": -227.808273
    },
    {
      "x": -136.658539,
      "y": 34.5381241,
      "z": -173.0647
    },
    {
      "x": -550.546448,
      "y": 15.6613741,
      "z": -348.551636
    },
    {
      "x": -494.7869,
      "y": 15.3486805,
      "z": -361.663
    }
  ],
  "sandbox": [
    {
      "x": 45.7849464,
      "y": 31.4172344,
      "z": 146.52832
    },
    {
      "x": 53.1306534,
      "y": 31.4432926,
      "z": 156.713211
    },
    {
      "x": -48.11573,
      "y": 24.6952629,
      "z": 41.3987045
    },
    {
      "x": -26.8314362,
      "y": 24.6952629,
      "z": 15.1404734
    }
  ],
  "sandbox_high": [
    {
      "x": 45.7849464,
      "y": 31.4172344,
      "z": 146.52832
    },
    {
      "x": 53.1306534,
      "y": 31.4432926,
      "z": 156.713211
    },
    {
      "x": -48.11573,
      "y": 24.6952629,
      "z": 41.3987045
    },
    {
      "x": -26.8314362,
      "y": 24.6952629,
      "z": 15.1404734
    }
  ]
}