{
  "bigmap": [
    {
      "x": 644.906433,
      "y": 1.3981615299999999,
      "z": 124.177345
    },
    {
      "x": 626.361267,
      "y": 2.781789,
      "z": 97.45197
    },
    {
      "x": 603.0844,
      "y": 7.13166046,
      "z": 109.145416
    },
    {
      "x": 562.159058,
      "y": 16.2497768,
      "z": 147.763718
    },
    {
      "x": 571.8971,
      "y": 5.433711,
      "z": 80.712326
    },
    {
      "x": 559.4739,
      "y": 5.86974,
      "z": 73.56633
    },
    {
      "x": 544.4945,
      "y": 6.66559,
      "z": 67.1485443
    },
    {
      "x": 519.4462,
      "y": 11.2920294,
      "z": 61.29196
    },
    {
      "x": 503.0341,
      "y": 10.451932,
      "z": 60.12894
    },
    {
      "x": 482.237366,
      "y": 10.8867445,
      "z": 63.15379
    },
    {
      "x": 484.279755,
      "y": 12.095027,
      "z": 81.32664
    },
    {
      "x": 501.163483,
      "y": 16.1310244,
      "z": 91.103775
    },
    {
      "x": 504.4699,
      "y": 15.6839485,
      "z": 104.454575
    },
    {
      "x": 506.216034,
      "y": 15.0007343,
      "z": 122.326782
    },
    {
      "x": 517.6832,
      "y": 13.50038,
      "z": 155.066086
    },
    {
      "x": 507.190674,
      "y": 10.451189,
      "z": 163.02562
    },
    {
      "x": 492.568146,
      "y": 6.65129232,
      "z": 166.019821
    },
    {
      "x": 478.075165,
      "y": 3.94185948,
      "z": 161.85881
    },
    {
      "x": 465.621368,
      "y": 5.00928736,
      "z": 140.425964
    },
    {
      "x": 456.2658,
      "y": 12.9092331,
      "z": 99.6092453
    },
    {
      "x": 436.723969,
      "y": 5.514394,
      "z": 71.21169
    },
    {
      "x": 418.384766,
      "y": 3.513848,
      "z": 70.34274
    },
    {
      "x": 396.615173,
      "y": 2.92234719,
      "z": 77.499176
    },
    {
      "x": 371.085266,
      "y": 1.826120853,
      "z": 78.38702
    },
    {
      "x": 375.353271,
      "y": 8.137122,
      "z": 125.959404
    },
    {
      "x": 376.3876,
      "y": 11.37682,
      "z": 139.199188
    },
    {
      "x": 374.558319,
      "y": 13.8547106,
      "z": 171.901245
    },
    {
      "x": 385.614746,
      "y": 14.3405361,
      "z": 184.8955
    },
    {
      "x": 426.6256,
      "y": 10.748782,
      "z": 197.895172
    },
    {
      "x": 360.407257,
      "y": 7.99420738,
      "z": 125.141609
    },
    {
      "x": 354.037537,
      "y": 8.791618,
      "z": 138.557312
    },
    {
      "x": 346.459351,
      "y": 6.899575,
      "z": 121.327972
    },
    {
      "x": 344.132172,
      "y": 2.77664137,
      "z": 79.69861
    },
    {
      "x": 328.555145,
      "y": 2.29390025,
      "z": 60.5217361
    },
    {
      "x": 350.6124,
      "y": 0.501086652,
      "z": 52.32654
    },
    {
      "x": 297.700684,
      "y": -0.6482155300000001,
      "z": 63.2100143
    },
    {
      "x": 266.6165,
      "y": -2.07164049,
      "z": 82.3688354
    },
    {
      "x": 269.655334,
      "y": 2.2323508299999997,
      "z": 107.222908
    },
    {
      "x": 254.513687,
      "y": 2.22224,
      "z": 103.368355
    },
    {
      "x": 249.895432,
      "y": 1.635977,
      "z": 121.616631
    },
    {
      "x": 256.9627,
      "y": 4.6478436,
      "z": 134.5085
    },
    {
      "x": 254.3162,
      "y": 1.146984458,
      "z": 150.997452
    },
    {
      "x": 239.714874,
      "y": 0.3062574,
      "z": 182.810669
    },
    {
      "x": 214.285873,
      "y": -0.12028645999999998,
      "z": 191.926
    },
    {
      "x": 180.878372,
      "y": -0.25571418,
      "z": 193.699036
    },
    {
      "x": 163.75354,
      "y": -0.68064094,
      "z": 199.564789
    },
    {
      "x": 152.44104,
      "y": -0.52730823,
      "z": 179.044189
    },
    {
      "x": 138.656036,
      "y": -0.87674594,
      "z": 154.9155
    },
    {
      "x": 105.77549,
      "y": -1.90459538,
      "z": 157.900436
    },
    {
      "x": 71.0032,
      "y": -2.967892,
      "z": 129.793579
    },
    {
      "x": 59.79218,
      "y": -3.3409459999999997,
      "z": 119.544525
    },
    {
      "x": 58.0996246,
      "y": -2.59243417,
      "z": 92.6208344
    },
    {
      "x": 88.08998,
      "y": -1.2411818499999998,
      "z": 84.13184
    },
    {
      "x": 84.8447342,
      "y": -0.95914721,
      "z": 68.26317
    },
    {
      "x": 108.150818,
      "y": -0.72587216,
      "z": 61.8904152
    },
    {
      "x": 122.396339,
      "y": 0.43146549999999995,
      "z": 39.57657
    },
    {
      "x": 202.368149,
      "y": -0.3582431100000001,
      "z": 48.7537422
    },
    {
      "x": 260.138519,
      "y": 2.16909194,
      "z": 3.31402421
    },
    {
      "x": 264.085541,
      "y": 2.16909194,
      "z": -10.8289251
    },
    {
      "x": 189.821136,
      "y": 2.314155,
      "z": -22.5624619
    },
    {
      "x": 203.49527,
      "y": 4.8712194,
      "z": 10.7429361
    },
    {
      "x": 179.710632,
      "y": 2.2927557199999997,
      "z": 13.6136341
    },
    {
      "x": 214.284,
      "y": 8.38327551,
      "z": -23.26035
    },
    {
      "x": 213.364075,
      "y": 2.09662735,
      "z": -36.8482475
    },
    {
      "x": 198.832474,
      "y": -1.75874782,
      "z": -143.868073
    },
    {
      "x": 226.274445,
      "y": 2.3120700000000003,
      "z": -152.466934
    },
    {
      "x": 256.12677,
      "y": 2.22559536,
      "z": -148.035065
    },
    {
      "x": 284.246155,
      "y": 5.127302,
      "z": -150.493774
    },
    {
      "x": 271.136078,
      "y": 2.15960181,
      "z": -205.605453
    },
    {
      "x": 287.6501,
      "y": 2.55195332,
      "z": -203.412674
    },
    {
      "x": 346.5015,
      "y": 0.9856518256,
      "z": -124.052673
    },
    {
      "x": 330.932831,
      "y": 5.200771,
      "z": -120.073845
    },
    {
      "x": 352.167236,
      "y": 5.236766,
      "z": -111.830849
    },
    {
      "x": 390.7965,
      "y": 2.1705870000000003,
      "z": -115.596779
    },
    {
      "x": 421.22998,
      "y": 5.214122,
      "z": -130.802536
    },
    {
      "x": 466.884979,
      "y": 3.66115928,
      "z": -67.78426
    },
    {
      "x": 481.0524,
      "y": 3.66115928,
      "z": -56.6617775
    },
    {
      "x": 483.3155,
      "y": 2.11577165,
      "z": -40.8431053
    },
    {
      "x": 442.379425,
      "y": 2.13224256,
      "z": -48.2636261
    },
    {
      "x": 426.0826,
      "y": 2.13224256,
      "z": -53.929306
    },
    {
      "x": 396.652435,
      "y": 2.13732862,
      "z": -56.5637321
    },
    {
      "x": 376.458038,
      "y": 2.13391733,
      "z": -77.90272
    },
    {
      "x": 369.4044,
      "y": 2.1490515500000003,
      "z": -46.484272
    },
    {
      "x": 364.615417,
      "y": 2.1643312,
      "z": -14.8107471
    },
    {
      "x": 345.536652,
      "y": 2.1643312,
      "z": -7.421874
    },
    {
      "x": 339.773926,
      "y": 2.2952646000000003,
      "z": -42.7292328
    },
    {
      "x": 335.0259,
      "y": 2.29291511,
      "z": -65.39027
    },
    {
      "x": 337.741577,
      "y": 2.3020970800000002,
      "z": -90.68583
    },
    {
      "x": 348.3853,
      "y": 2.10662079,
      "z": -162.4169
    },
    {
      "x": 246.582047,
      "y": 2.12401426,
      "z": -72.66881
    },
    {
      "x": 198.178619,
      "y": 2.10544419,
      "z": -36.5095139
    },
    {
      "x": 168.025085,
      "y": 2.14992464,
      "z": -63.5274277
    },
    {
      "x": 107.300087,
      "y": 2.39460659,
      "z": -89.24351
    },
    {
      "x": 59.10971,
      "y": 2.28355861,
      "z": -72.69168
    },
    {
      "x": 69.4475,
      "y": 2.12255371,
      "z": -40.80853
    },
    {
      "x": 49.4975929,
      "y": 2.19499338,
      "z": -11.2656345
    },
    {
      "x": 57.7471161,
      "y": 1.7125401500000001,
      "z": 7.39377356
    },
    {
      "x": 31.7893028,
      "y": -0.07776749000000005,
      "z": 36.7203445
    },
    {
      "x": -10.3683844,
      "y": 0.4424466,
      "z": 35.80947
    },
    {
      "x": -51.72802,
      "y": -11.8136,
      "z": 45.1565933
    },
    {
      "x": -22.4079323,
      "y": -7.214695000000001,
      "z": 69.87271
    },
    {
      "x": -24.8628845,
      "y": -7.840166,
      "z": 85.35458
    },
    {
      "x": -29.1821213,
      "y": -9.9283419,
      "z": 114.228783
    },
    {
      "x": -2.24856186,
      "y": -3.3920645699999996,
      "z": 107.59346
    },
    {
      "x": 24.3358936,
      "y": -0.0024679999999999147,
      "z": 93.39741
    },
    {
      "x": -34.4313431,
      "y": 1.313168645,
      "z": -1.44573927
    },
    {
      "x": -55.7129135,
      "y": 1.416638881,
      "z": 6.919475
    },
    {
      "x": -75.28797,
      "y": 1.452377856,
      "z": 13.1781588
    },
    {
      "x": -91.02421,
      "y": 1.452377856,
      "z": 13.643033
    },
    {
      "x": -114.557045,
      "y": 1.44377017,
      "z": 11.1768637
    },
    {
      "x": -149.814,
      "y": 1.895648,
      "z": -29.6014252
    },
    {
      "x": -166.106247,
      "y": 1.488912165,
      "z": 2.09405732
    },
    {
      "x": -180.599655,
      "y": 1.08265871,
      "z": 5.27551126
    },
    {
      "x": -200.339661,
      "y": 0.967911128,
      "z": -14.4996233
    },
    {
      "x": -215.955322,
      "y": 0.4866946,
      "z": -13.3671389
    },
    {
      "x": -259.435455,
      "y": 1.8692214489999999,
      "z": -78.33612
    },
    {
      "x": -280.582581,
      "y": 1.8692214489999999,
      "z": -83.72153
    },
    {
      "x": -235.118942,
      "y": 1.169038743,
      "z": -74.0859756
    },
    {
      "x": -220.864914,
      "y": 1.677674949,
      "z": -60.190094
    },
    {
      "x": -203.166962,
      "y": 2.25111246,
      "z": -33.57056
    },
    {
      "x": -177.894531,
      "y": 1.9358563420000001,
      "z": -45.2099152
    },
    {
      "x": -157.088531,
      "y": 2.38252735,
      "z": -54.9010544
    },
    {
      "x": -154.064285,
      "y": 1.930075347,
      "z": -74.9202957
    },
    {
      "x": -170.330475,
      "y": 1.9177944,
      "z": -157.2982
    },
    {
      "x": -163.1226,
      "y": 4.1211977,
      "z": -145.316788
    },
    {
      "x": -209.131683,
      "y": 1.9477444,
      "z": -182.339951
    },
    {
      "x": -185.093231,
      "y": 2.805265,
      "z": -186.7409
    },
    {
      "x": -189.550659,
      "y": 2.3102401500000003,
      "z": -211.280334
    },
    {
      "x": -207.87764,
      "y": 2.2551697500000003,
      "z": -210.167908
    },
    {
      "x": -317.067,
      "y": 1.9162192,
      "z": -190.285339
    },
    {
      "x": -317.486,
      "y": 1.9685522,
      "z": -166.049088
    },
    {
      "x": -331.278442,
      "y": 0.98691936,
      "z": -123.1832
    },
    {
      "x": -286.7494,
      "y": 0.18483479999999997,
      "z": -50.11011
    },
    {
      "x": -272.3683,
      "y": 0.672055423,
      "z": -26.6685658
    },
    {
      "x": -131.165543,
      "y": -1.1290636100000002,
      "z": -29.30433
    },
    {
      "x": -94.1864,
      "y": -8.380024,
      "z": -44.7925224
    },
    {
      "x": -72.3187256,
      "y": -8.708183,
      "z": -49.1068764
    },
    {
      "x": -4.660878,
      "y": 0.5687139,
      "z": -47.1393242
    },
    {
      "x": 19.31347,
      "y": 0.9498311952,
      "z": -25.515543
    },
    {
      "x": 8.586041,
      "y": 1.060953863,
      "z": -59.709053
    },
    {
      "x": 0.497767746,
      "y": 2.07023323,
      "z": -76.42957
    },
    {
      "x": 1.38900924,
      "y": 2.10138083,
      "z": -126.827271
    },
    {
      "x": 25.4354229,
      "y": 2.10665882,
      "z": -124.697266
    },
    {
      "x": 32.1375656,
      "y": 2.10665882,
      "z": -112.356575
    },
    {
      "x": 61.3254623,
      "y": 2.1635679999999997,
      "z": -109.5339
    },
    {
      "x": 576.8831,
      "y": 2.44585454,
      "z": -58.348877
    },
    {
      "x": 575.7281,
      "y": 0.7267265620000001,
      "z": -10.4711666
    },
    {
      "x": 575.712769,
      "y": -0.2735788800000001,
      "z": 9.480643
    },
    {
      "x": 563.104065,
      "y": 0.18937459999999995,
      "z": 2.00142
    },
    {
      "x": 543.3302,
      "y": 0.820250139,
      "z": -0.442697
    }
  ],
  "factory4_day": [
    {
      "x": 14.9062071,
      "y": 5.608978,
      "z": 46.65968
    },
    {
      "x": 14.771657,
      "y": 2.0306538300000003,
      "z": 38.67751
    },
    {
      "x": -39.7549133,
      "y": 8.487152,
      "z": 62.6642342
    },
    {
      "x": -22.3375015,
      "y": 8.487169,
      "z": 9.725967
    },
    {
      "x": 8.108521,
      "y": 8.35232925,
      "z": -0.255552679
    },
    {
      "x": 34.8389435,
      "y": 8.72901058,
      "z": -6.220801
    },
    {
      "x": 30.718338,
      "y": 8.175888,
      "z": -32.70795
    },
    {
      "x": 17.4661484,
      "y": 0.664278954,
      "z": -44.53234
    },
    {
      "x": -8.074425,
      "y": 0.6441443259999999,
      "z": -49.441864
    }
  ],
  "factory4_night": [
    {
      "x": 14.9062071,
      "y": 5.608978,
      "z": 46.65968
    },
    {
      "x": 14.771657,
      "y": 2.0306538300000003,
      "z": 38.67751
    },
    {
      "x": -39.7549133,
      "y": 8.487152,
      "z": 62.6642342
    },
    {
      "x": -22.3375015,
      "y": 8.487169,
      "z": 9.725967
    },
    {
      "x": 8.108521,
      "y": 8.35232925,
      "z": -0.255552679
    },
    {
      "x": 34.8389435,
      "y": 8.72901058,
      "z": -6.220801
    },
    {
      "x": 30.718338,
      "y": 8.175888,
      "z": -32.70795
    },
    {
      "x": 17.4661484,
      "y": 0.664278954,
      "z": -44.53234
    },
    {
      "x": -8.074425,
      "y": 0.6441443259999999,
      "z": -49.441864
    }
  ],
  "interchange": [
    {
      "x": 306.6949,
      "y": 22.8703613,
      "z": -163.197372
    },
    {
      "x": 370.984,
      "y": 19.3629875,
      "z": -229.275665
    },
    {
      "x": 431.68576,
      "y": 18.574276,
      "z": -320.8318
    },
    {
      "x": 373.3453,
      "y": 18.8586578,
      "z": -375.009766
    },
    {
      "x": 235.885757,
      "y": 21.2026825,
      "z": -276.835724
    },
    {
      "x": 213.305908,
      "y": 21.2839127,
      "z": -213.397018
    },
    {
      "x": 223.268372,
      "y": 20.92921,
      "z": -141.728333
    },
    {
      "x": 214.012634,
      "y": 21.2538376,
      "z": -85.7485046
    },
    {
      "x": 171.5519,
      "y": 22.4475384,
      "z": -65.2406
    },
    {
      "x": 139.65799,
      "y": 22.356554,
      "z": 44.3145
    },
    {
      "x": 67.2355347,
      "y": 22.4292259,
      "z": 204.827774
    },
    {
      "x": -119.261528,
      "y": 23.4796734,
      "z": 261.25354
    },
    {
      "x": -207.836472,
      "y": 24.5151825,
      "z": 257.108459
    },
    {
      "x": -309.632141,
      "y": 22.32544,
      "z": 244.291122
    },
    {
      "x": -347.45932,
      "y": 26.2521248,
      "z": 203.852646
    },
    {
      "x": -295.677856,
      "y": 23.6690922,
      "z": 176.239868
    }
  ],
  "laboratory": [],
  "lighthouse": [],
  "rezervbase": [
    {
      "x": -60.7591362,
      "y": -5.97912836,
      "z": 76.7873
    },
    {
      "x": -90.6994553,
      "y": -1.04958749,
      "z": 140.122711
    },
    {
      "x": -57.1098747,
      "y": -14.8225021,
      "z": 162.027344
    },
    {
      "x": -70.86728,
      "y": -17.5448246,
      "z": 142.329178
    },
    {
      "x": -93.04627,
      "y": -15.2040443,
      "z": 153.5963
    },
    {
      "x": -59.9861,
      "y": -18.8641968,
      "z": 95.98342
    },
    {
      "x": -70.7831345,
      "y": -17.8293934,
      "z": 70.56265
    },
    {
      "x": -109.326,
      "y": -9.6063776,
      "z": 68.1899643
    }
  ],
  "shoreline": [
    {
      "x": 21.7578163,
      "y": -21.2658558,
      "z": -116.816818
    },
    {
      "x": 51.85456,
      "y": -20.7345924,
      "z": -120.915588
    },
    {
      "x": 94.2967148,
      "y": -32.3620949,
      "z": -94.95909
    },
    {
      "x": 136.4691,
      "y": -39.5397949,
      "z": -84.48611
    },
    {
      "x": 277.8101,
      "y": -48.7844,
      "z": -56.9202156
    },
    {
      "x": 320.6921,
      "y": -46.9757919,
      "z": 50.2625961
    },
    {
      "x": 228.25061,
      "y": -51.2036667,
      "z": 222.827835
    },
    {
      "x": 175.620438,
      "y": -51.599472,
      "z": 278.2336
    },
    {
      "x": 143.395874,
      "y": -51.2199,
      "z": 291.1424
    },
    {
      "x": 105.224106,
      "y": -44.8506241,
      "z": 285.132477
    },
    {
      "x": 72.14921,
      "y": -49.19929,
      "z": 317.7179
    },
    {
      "x": -40.3800163,
      "y": -47.0226631,
      "z": 302.809326
    },
    {
      "x": -89.9393158,
      "y": -47.3895874,
      "z": 385.692047
    },
    {
      "x": -119.667892,
      "y": -45.4225769,
      "z": 387.7154
    },
    {
      "x": -340.330139,
      "y": -40.46095,
      "z": 199.740189
    },
    {
      "x": -397.821136,
      "y": -30.7467251,
      "z": 168.270218
    },
    {
      "x": -534.1599,
      "y": -30.5766544,
      "z": 122.78479
    },
    {
      "x": -608.3026,
      "y": -42.40004,
      "z": 89.1378
    },
    {
      "x": -694.9616,
      "y": -28.5427952,
      "z": 93.6625
    },
    {
      "x": -720.35614,
      "y": -26.535532,
      "z": 103.138641
    },
    {
      "x": -731.1302,
      "y": -28.1101246,
      "z": 82.78596
    },
    {
      "x": -553.0381,
      "y": -30.6007023,
      "z": -122.218216
    },
    {
      "x": -517.332031,
      "y": -17.6244888,
      "z": -331.826874
    }
  ],
  "tarkovstreets": [],
  "woods": [
    {
      "x": -367.8166,
      "y": 2.0299747,
      "z": 216.489624
    },
    {
      "x": -355.625641,
      "y": 2.1345452099999997,
      "z": 236.7333
    },
    {
      "x": -428.700623,
      "y": 1.838670969,
      "z": 212.33313
    },
    {
      "x": -304.072327,
      "y": 0.505421758,
      "z": 242.913086
    },
    {
      "x": -448.8098,
      "y": 1.9670439,
      "z": 224.85231
    },
    {
      "x": -277.704,
      "y": -0.21696793999999997,
      "z": 250.8364
    },
    {
      "x": -481.6612,
      "y": 1.857273936,
      "z": 237.128357
    },
    {
      "x": -466.4007,
      "y": 5.15177965,
      "z": 132.510712
    },
    {
      "x": -250.773041,
      "y": -0.8926823100000001,
      "z": 282.419952
    },
    {
      "x": -489.674,
      "y": 8.054838,
      "z": 126.403336
    },
    {
      "x": -504.389252,
      "y": 8.319247,
      "z": 148.743912
    },
    {
      "x": -517.8711,
      "y": 8.319247,
      "z": 147.575439
    },
    {
      "x": -210.89325,
      "y": -2.169741,
      "z": 296.864471
    },
    {
      "x": -181.2312,
      "y": -0.8372182800000001,
      "z": 218.252335
    },
    {
      "x": -181.263977,
      "y": -0.8145426499999999,
      "z": 232.462677
    },
    {
      "x": -428.517029,
      "y": 7.293571,
      "z": 35.4942551
    },
    {
      "x": -378.195068,
      "y": 7.57278252,
      "z": 22.6268425
    },
    {
      "x": -163.35112,
      "y": -1.211656,
      "z": 239.952072
    },
    {
      "x": -430.651367,
      "y": 9.055316,
      "z": 6.447655
    },
    {
      "x": -132.422562,
      "y": -6.698452,
      "z": 247.045151
    },
    {
      "x": -316.197662,
      "y": 16.0482187,
      "z": -14.9898186
    },
    {
      "x": -117.863922,
      "y": -8.224307,
      "z": 201.516327
    },
    {
      "x": -97.31543,
      "y": 1.3171915410000001,
      "z": 113.906586
    },
    {
      "x": -85.91561,
      "y": -3.67538929,
      "z": 147.257584
    },
    {
      "x": -89.87441,
      "y": 5.70825052,
      "z": 85.265625
    },
    {
      "x": -169.262314,
      "y": 21.84261,
      "z": -47.7785568
    },
    {
      "x": -462.13913,
      "y": 24.6336365,
      "z": -117.927254
    },
    {
      "x": -495.445251,
      "y": 24.2535133,
      "z": -112.491013
    },
    {
      "x": -541.019,
      "y": 10.408503,
      "z": -107.516991
    },
    {
      "x": -385.643646,
      "y": 26.7474461,
      "z": -154.487122
    },
    {
      "x": -416.074036,
      "y": 31.3520775,
      "z": -170.099075
    },
    {
      "x": -375.345367,
      "y": 27.0590916,
      "z": -184.149719
    },
    {
      "x": -547.0925,
      "y": 14.2237806,
      "z": -143.77977
    },
    {
      "x": -14.4089851,
      "y": -2.63456535,
      "z": 0.755433738
    },
    {
      "x": -516.345,
      "y": 16.8131075,
      "z": -176.483322
    },
    {
      "x": -339.7615,
      "y": 32.1987228,
      "z": -202.20076
    },
    {
      "x": -531.747253,
      "y": 14.8916121,
      "z": -185.982559
    },
    {
      "x": 2.31268787,
      "y": -2.63456535,
      "z": -33.8564453
    },
    {
      "x": -316.546173,
      "y": 36.6329842,
      "z": -227.459656
    },
    {
      "x": -254.624725,
      "y": 60.6661339,
      "z": -232.042465
    },
    {
      "x": -559.7915,
      "y": 21.4346943,
      "z": -213.880737
    },
    {
      "x": -232.025375,
      "y": 68.70237,
      "z": -230.872528
    },
    {
      "x": -511.462,
      "y": 22.672781,
      "z": -248.92804
    },
    {
      "x": 3.97796,
      "y": 7.162667,
      "z": -113.477234
    },
    {
      "x": 10.3727036,
      "y": 7.379104,
      "z": -126.07653
    },
    {
      "x": -515.914,
      "y": 22.8329887,
      "z": -284.8565
    },
    {
      "x": 28.5608654,
      "y": 8.09594154,
      "z": -148.208359
    },
    {
      "x": -198.543365,
      "y": 71.14696,
      "z": -290.822
    },
    {
      "x": -496.105835,
      "y": 15.9777937,
      "z": -327.011749
    },
    {
      "x": -184.086792,
      "y": 55.6406975,
      "z": -319.1492
    },
    {
      "x": 88.2232,
      "y": 14.7387409,
      "z": -143.665421
    },
    {
      "x": -136.267685,
      "y": 35.3288536,
      "z": -318.203339
    },
    {
      "x": 116.832344,
      "y": 3.032036,
      "z": -110.569809
    },
    {
      "x": 137.45372,
      "y": 1.6641575,
      "z": -90.65133
    },
    {
      "x": 152.758224,
      "y": 1.466107547,
      "z": -64.61185
    },
    {
      "x": 103.807045,
      "y": 8.237143,
      "z": -146.0022
    },
    {
      "x": -499.598938,
      "y": 16.0384989,
      "z": -370.5302
    },
    {
      "x": -517.8942,
      "y": 16.1195917,
      "z": -373.685974
    },
    {
      "x": -512.950439,
      "y": 16.5324688,
      "z": -387.301819
    },
    {
      "x": -405.989166,
      "y": 16.0477514,
      "z": -407.3094
    },
    {
      "x": -54.2721634,
      "y": 28.5251751,
      "z": -340.654572
    },
    {
      "x": 234.365692,
      "y": -0.9303108499999999,
      "z": -39.79725
    },
    {
      "x": -14.8015308,
      "y": 24.7037468,
      "z": -336.731934
    },
    {
      "x": 86.9553452,
      "y": 23.722435,
      "z": -260.8882
    },
    {
      "x": -453.858734,
      "y": 16.1714134,
      "z": -439.50528
    },
    {
      "x": -396.451263,
      "y": 15.491972,
      "z": -444.567352
    },
    {
      "x": -536.5344,
      "y": 13.6487293,
      "z": -426.075
    },
    {
      "x": 107.398819,
      "y": 16.2541695,
      "z": -250.02562
    },
    {
      "x": 206.728928,
      "y": 0.547704,
      "z": -123.707054
    },
    {
      "x": 62.7092819,
      "y": 30.2554436,
      "z": -295.579742
    },
    {
      "x": 171.639832,
      "y": 3.94120073,
      "z": -187.104324
    },
    {
      "x": 195.597519,
      "y": 8.440307619999999,
      "z": -161.77626
    },
    {
      "x": -393.2641,
      "y": 13.9295111,
      "z": -463.9972
    },
    {
      "x": -460.000519,
      "y": 15.6067963,
      "z": -460.3208
    },
    {
      "x": 317.635834,
      "y": -3.273472,
      "z": 268.1204
    },
    {
      "x": 150.440338,
      "y": 11.89805,
      "z": -245.718033
    },
    {
      "x": 321.049866,
      "y": -10.0961428,
      "z": 321.119019
    },
    {
      "x": 332.753052,
      "y": -12.0168514,
      "z": 233.0787
    },
    {
      "x": -475.572571,
      "y": 16.1033182,
      "z": -485.036865
    },
    {
      "x": 64.2127,
      "y": 34.58129,
      "z": -347.296631
    },
    {
      "x": -376.822418,
      "y": 13.1085739,
      "z": -494.413025
    },
    {
      "x": -503.204834,
      "y": 12.0744905,
      "z": -485.498871
    },
    {
      "x": 359.0837,
      "y": -5.8338685,
      "z": 66.74757
    },
    {
      "x": -371.7302,
      "y": 12.0983934,
      "z": -530.75946
    },
    {
      "x": 384.090973,
      "y": -12.9438467,
      "z": 226.361954
    },
    {
      "x": 384.366516,
      "y": -13.5767221,
      "z": 211.104614
    },
    {
      "x": -363.5584,
      "y": 11.6137409,
      "z": -545.356445
    },
    {
      "x": -342.406,
      "y": 10.34198,
      "z": -554.570251
    },
    {
      "x": -325.7032,
      "y": 10.341121,
      "z": -561.30304
    },
    {
      "x": 397.3366,
      "y": -5.860728,
      "z": 56.2292328
    },
    {
      "x": 198.63533,
      "y": 28.9436016,
      "z": -327.362152
    },
    {
      "x": 419.818359,
      "y": -15.2331219,
      "z": 263.8511
    },
    {
      "x": 183.154312,
      "y": 17.8547249,
      "z": -356.9713
    },
    {
      "x": 225.707382,
      "y": 26.05102,
      "z": -316.272156
    },
    {
      "x": -291.990234,
      "y": 11.0934067,
      "z": -581.269348
    },
    {
      "x": 438.246429,
      "y": -17.1965561,
      "z": 283.138275
    },
    {
      "x": 272.682129,
      "y": 11.28617,
      "z": -278.433929
    },
    {
      "x": -265.428162,
      "y": 11.5340672,
      "z": -587.643066
    },
    {
      "x": 391.62207,
      "y": -1.0557944799999999,
      "z": -83.4359055
    },
    {
      "x": 236.677338,
      "y": 28.8932362,
      "z": -333.42572
    },
    {
      "x": 459.435822,
      "y": -17.1098919,
      "z": 236.483841
    },
    {
      "x": 443.479553,
      "y": -8.017115,
      "z": 51.0366745
    },
    {
      "x": 458.2012,
      "y": -18.0950489,
      "z": 274.239471
    },
    {
      "x": 397.907166,
      "y": -0.7649157,
      "z": -103.177422
    },
    {
      "x": 450.1929,
      "y": -9.0312262,
      "z": 72.72984
    },
    {
      "x": 191.69812,
      "y": 17.0970421,
      "z": -403.895325
    },
    {
      "x": 119.32357,
      "y": 16.6197472,
      "z": -464.643066
    },
    {
      "x": 460.334259,
      "y": -9.9513264,
      "z": 88.24868
    },
    {
      "x": 139.936264,
      "y": 16.1886387,
      "z": -452.16272
    },
    {
      "x": -259.789856,
      "y": 13.1040115,
      "z": -619.618958
    },
    {
      "x": 474.6707,
      "y": -14.3565722,
      "z": 182.078461
    },
    {
      "x": 344.15,
      "y": 11.955224,
      "z": -236.172928
    },
    {
      "x": 473.9984,
      "y": -12.8583174,
      "z": 143.817062
    },
    {
      "x": 113.907272,
      "y": 13.0399017,
      "z": -496.1842
    },
    {
      "x": -220.563034,
      "y": 13.4895353,
      "z": -637.5554
    },
    {
      "x": -101.616692,
      "y": 8.988135,
      "z": -618.0946
    },
    {
      "x": 444.893982,
      "y": -2.58344579,
      "z": -118.232773
    },
    {
      "x": -74.43431,
      "y": 8.762597,
      "z": -614.8273
    },
    {
      "x": 367.111145,
      "y": 15.2752094,
      "z": -291.6535
    },
    {
      "x": 107.839539,
      "y": 10.37871,
      "z": -545.37854
    },
    {
      "x": -182.603683,
      "y": 13.5685749,
      "z": -662.7072
    },
    {
      "x": 405.5572,
      "y": 10.528961,
      "z": -244.471786
    },
    {
      "x": 357.372528,
      "y": 18.4918385,
      "z": -329.917847
    },
    {
      "x": 122.562515,
      "y": 9.110595,
      "z": -563.561157
    },
    {
      "x": -136.890182,
      "y": 11.5281343,
      "z": -682.508362
    },
    {
      "x": -72.1027756,
      "y": 8.7830224,
      "z": -669.3367
    },
    {
      "x": 32.444046,
      "y": 8.711728,
      "z": -630.614441
    },
    {
      "x": 160.3424,
      "y": 9.488352,
      "z": -583.2388
    },
    {
      "x": 51.9643135,
      "y": 8.99915266,
      "z": -660.1815
    },
    {
      "x": 116.752419,
      "y": 8.809252260000001,
      "z": -648.1417
    },
    {
      "x": 82.0800552,
      "y": 8.83903027,
      "z": -670.472961
    },
    {
      "x": 304.846924,
      "y": 24.1567,
      "z": -611.956238
    },
    {
      "x": 288.239624,
      "y": 12.4912653,
      "z": -563.44696
    },
    {
      "x": 263.664825,
      "y": 11.5223513,
      "z": -549.5286
    },
    {
      "x": 247.731781,
      "y": 24.1235847,
      "z": -432.028
    },
    {
      "x": -7.00850534,
      "y": 24.75184,
      "z": -349.347656
    },
    {
      "x": -48.5930557,
      "y": 27.6022758,
      "z": -366.4513
    },
    {
      "x": -61.04769,
      "y": 25.8034344,
      "z": -299.036621
    },
    {
      "x": -69.37161,
      "y": 20.91965,
      "z": -227.808273
    },
    {
      "x": -136.658539,
      "y": 35.0381241,
      "z": -173.0647
    },
    {
      "x": -550.546448,
      "y": 16.1613741,
      "z": -348.551636
    },
    {
      "x": -494.7869,
      "y": 15.8486805,
      "z": -361.663
    }
  ],
  "sandbox": [
    {
      "x": 143.556351,
      "y": 23.7161121,
      "z": 241.783478
    },
    {
      "x": 147.908722,
      "y": 23.7283268,
      "z": 218.328064
    },
    {
      "x": 114.281853,
      "y": 24.41491,
      "z": 271.224426
    },
    {
      "x": 100.142555,
      "y": 24.41491,
      "z": 289.66925
    },
    {
      "x": 130.72522,
      "y": 29.18093,
      "z": 289.177063
    },
    {
      "x": 137.707047,
      "y": 29.17032,
      "z": 259.31604
    },
    {
      "x": 121.426292,
      "y": 33.8303528,
      "z": 267.454651
    },
    {
      "x": 111.062218,
      "y": 33.8303528,
      "z": 284.351044
    },
    {
      "x": 124.207123,
      "y": 24.16095,
      "z": 199.9916
    },
    {
      "x": 119.917885,
      "y": 24.2192173,
      "z": 180.581253
    },
    {
      "x": 118.708855,
      "y": 29.9118061,
      "z": 165.106
    },
    {
      "x": 103.566345,
      "y": 29.9118061,
      "z": 153.3495
    },
    {
      "x": 119.903648,
      "y": 25.40597,
      "z": 123.863663
    },
    {
      "x": 115.733429,
      "y": 25.415884,
      "z": 97.57
    },
    {
      "x": 38.90453,
      "y": 31.9220486,
      "z": 149.009979
    },
    {
      "x": 51.2810669,
      "y": 31.9220486,
      "z": 157.292816
    },
    {
      "x": 59.3686943,
      "y": 31.9220486,
      "z": 130.934952
    },
    {
      "x": 6.069525,
      "y": 24.8162727,
      "z": 94.5240555
    },
    {
      "x": -5.991174,
      "y": 24.9585476,
      "z": 45.5435257
    },
    {
      "x": -50.6397438,
      "y": 25.19526,
      "z": 42.1695023
    },
    {
      "x": -26.93546,
      "y": 25.19526,
      "z": 54.4315224
    },
    {
      "x": -43.5672,
      "y": 30.71441,
      "z": 53.30972
    },
    {
      "x": -38.62996,
      "y": 30.71441,
      "z": 74.16218
    },
    {
      "x": -9.848344,
      "y": 30.7247066,
      "z": 65.29687
    },
    {
      "x": -20.9201031,
      "y": 30.7247066,
      "z": 70.86973
    },
    {
      "x": -33.1490631,
      "y": 28.42457,
      "z": 18.5615025
    },
    {
      "x": -26.708601,
      "y": 25.2605858,
      "z": -12.3976154
    },
    {
      "x": -13.8737364,
      "y": 24.8713245,
      "z": -40.2404366
    }
  ],
  "sandbox_high": [
    {
      "x": 143.556351,
      "y": 23.7161121,
      "z": 241.783478
    },
    {
      "x": 147.908722,
      "y": 23.7283268,
      "z": 218.328064
    },
    {
      "x": 114.281853,
      "y": 24.41491,
      "z": 271.224426
    },
    {
      "x": 100.142555,
      "y": 24.41491,
      "z": 289.66925
    },
    {
      "x": 130.72522,
      "y": 29.18093,
      "z": 289.177063
    },
    {
      "x": 137.707047,
      "y": 29.17032,
      "z": 259.31604
    },
    {
      "x": 121.426292,
      "y": 33.8303528,
      "z": 267.454651
    },
    {
      "x": 111.062218,
      "y": 33.8303528,
      "z": 284.351044
    },
    {
      "x": 124.207123,
      "y": 24.16095,
      "z": 199.9916
    },
    {
      "x": 119.917885,
      "y": 24.2192173,
      "z": 180.581253
    },
    {
      "x": 118.708855,
      "y": 29.9118061,
      "z": 165.106
    },
    {
      "x": 103.566345,
      "y": 29.9118061,
      "z": 153.3495
    },
    {
      "x": 119.903648,
      "y": 25.40597,
      "z": 123.863663
    },
    {
      "x": 115.733429,
      "y": 25.415884,
      "z": 97.57
    },
    {
      "x": 38.90453,
      "y": 31.9220486,
      "z": 149.009979
    },
    {
      "x": 51.2810669,
      "y": 31.9220486,
      "z": 157.292816
    },
    {
      "x": 59.3686943,
      "y": 31.9220486,
      "z": 130.934952
    },
    {
      "x": 6.069525,
      "y": 24.8162727,
      "z": 94.5240555
    },
    {
      "x": -5.991174,
      "y": 24.9585476,
      "z": 45.5435257
    },
    {
      "x": -50.6397438,
      "y": 25.19526,
      "z": 42.1695023
    },
    {
      "x": -26.93546,
      "y": 25.19526,
      "z": 54.4315224
    },
    {
      "x": -43.5672,
      "y": 30.71441,
      "z": 53.30972
    },
    {
      "x": -38.62996,
      "y": 30.71441,
      "z": 74.16218
    },
    {
      "x": -9.848344,
      "y": 30.7247066,
      "z": 65.29687
    },
    {
      "x": -20.9201031,
      "y": 30.7247066,
      "z": 70.86973
    },
    {
      "x": -33.1490631,
      "y": 28.42457,
      "z": 18.5615025
    },
    {
      "x": -26.708601,
      "y": 25.2605858,
      "z": -12.3976154
    },
    {
      "x": -13.8737364,
      "y": 24.8713245,
      "z": -40.2404366
    }
  ]
}