{
  "bigmap": [
    {
      "x": -184.565033,
      "y": -0.52184993,
      "z": 13.2764788
    },
    {
      "x": -148.596909,
      "y": -0.412678361,
      "z": 36.1522369
    },
    {
      "x": -129.8614,
      "y": -2.23946214,
      "z": 37.4772949
    },
    {
      "x": -68.29434,
      "y": -11.5112162,
      "z": 42.64361
    },
    {
      "x": -23.5716286,
      "y": -8.28251648,
      "z": 80.08432
    },
    {
      "x": 58.52113,
      "y": -4.425305,
      "z": 120.295624
    },
    {
      "x": 98.75315,
      "y": -3.20163441,
      "z": 155.0417
    },
    {
      "x": 200.831192,
      "y": -0.9019878,
      "z": 147.061279
    },
    {
      "x": 253.19603,
      "y": -0.566503644,
      "z": 165.1517
    },
    {
      "x": 305.481873,
      "y": 3.3732028,
      "z": 127.066994
    },
    {
      "x": 344.638977,
      "y": 5.867859,
      "z": 118.945282
    },
    {
      "x": 376.087952,
      "y": 10.4387789,
      "z": 154.448044
    },
    {
      "x": 406.270844,
      "y": 13.0791092,
      "z": 201.420609
    },
    {
      "x": 468.262268,
      "y": 1.58837962,
      "z": 161.119583
    },
    {
      "x": 528.9236,
      "y": 13.1591091,
      "z": 148.31752
    },
    {
      "x": 561.302246,
      "y": 13.1341171,
      "z": 130.872162
    },
    {
      "x": 597.6835,
      "y": 7.318095,
      "z": 116.731911
    },
    {
      "x": 618.2977,
      "y": 3.87358618,
      "z": 104.137772
    },
    {
      "x": 644.597656,
      "y": -0.5909279,
      "z": 64.10545
    },
    {
      "x": 636.8608,
      "y": 6.41748667,
      "z": 14.7490177
    },
    {
      "x": 640.573853,
      "y": 0.3820401,
      "z": -14.3802938
    },
    {
      "x": 519.604248,
      "y": 8.315768,
      "z": 188.585678
    },
    {
      "x": 523.762756,
      "y": 10.5476408,
      "z": 173.637177
    },
    {
      "x": 526.55896,
      "y": 12.3766031,
      "z": 158.622864
    },
    {
      "x": 532.3396,
      "y": 13.3370476,
      "z": 148.4938
    },
    {
      "x": 537.6452,
      "y": 13.9416752,
      "z": 139.161484
    },
    {
      "x": 541.6631,
      "y": 13.3641891,
      "z": 128.384857
    },
    {
      "x": 549.5443,
      "y": 12.5241985,
      "z": 118.618675
    },
    {
      "x": 557.321533,
      "y": 9.415779,
      "z": 102.640442
    },
    {
      "x": 569.2517,
      "y": 5.59204054,
      "z": 86.90449
    },
    {
      "x": 623.0153,
      "y": -0.008595023,
      "z": 80.93452
    },
    {
      "x": 572.5368,
      "y": 4.30962038,
      "z": 76.19332
    },
    {
      "x": 537.602051,
      "y": 7.23798943,
      "z": 70.31295
    },
    {
      "x": 508.169037,
      "y": 13.9258051,
      "z": 79.27868
    },
    {
      "x": 494.174957,
      "y": 13.3876066,
      "z": 83.15223
    },
    {
      "x": 466.4569,
      "y": 11.020153,
      "z": 86.7702255
    },
    {
      "x": 431.993744,
      "y": 6.15492344,
      "z": 90.47752
    },
    {
      "x": 389.2086,
      "y": 2.044872,
      "z": 92.13495
    },
    {
      "x": 362.5998,
      "y": 1.36226273,
      "z": 93.92273
    },
    {
      "x": 337.609,
      "y": 5.45848846,
      "z": 101.776672
    },
    {
      "x": 286.8033,
      "y": 2.39788413,
      "z": 111.300346
    },
    {
      "x": 260.247955,
      "y": 1.46444178,
      "z": 112.31237
    },
    {
      "x": 241.358521,
      "y": -0.5611633,
      "z": 86.43013
    },
    {
      "x": 201.143234,
      "y": -3.225095,
      "z": 95.37609
    },
    {
      "x": 166.604538,
      "y": -1.77089453,
      "z": 93.1422653
    },
    {
      "x": 149.692368,
      "y": -0.7217207,
      "z": 89.92911
    },
    {
      "x": 130.171555,
      "y": 0.210839942,
      "z": 95.58297
    },
    {
      "x": 98.5894852,
      "y": 1.64514339,
      "z": 94.64762
    },
    {
      "x": 81.2524948,
      "y": -3.079086,
      "z": 95.0712662
    },
    {
      "x": 62.122448,
      "y": -3.68796325,
      "z": 95.9428558
    },
    {
      "x": 41.01604,
      "y": -2.08517838,
      "z": 92.2208557
    },
    {
      "x": -0.588893056,
      "y": -0.870560944,
      "z": 82.7061539
    },
    {
      "x": -17.1060276,
      "y": -6.28465652,
      "z": 69.04036
    },
    {
      "x": -20.7825146,
      "y": -6.075374,
      "z": 42.0601463
    }
  ],
  "factory4_day": [
    {
      "x": 14.9062071,
      "y": 4.608978,
      "z": 46.65968
    },
    {
      "x": 14.771657,
      "y": 1.03065383,
      "z": 38.67751
    },
    {
      "x": -39.7549133,
      "y": 7.487152,
      "z": 62.6642342
    },
    {
      "x": -22.3375015,
      "y": 7.487169,
      "z": 9.725967
    },
    {
      "x": 8.108521,
      "y": 7.35232925,
      "z": -0.255552679
    },
    {
      "x": 34.8389435,
      "y": 7.72901058,
      "z": -6.220801
    },
    {
      "x": 30.718338,
      "y": 7.175888,
      "z": -32.70795
    },
    {
      "x": 17.4661484,
      "y": -0.335721046,
      "z": -44.53234
    },
    {
      "x": -8.074425,
      "y": -0.355855674,
      "z": -49.441864
    }
  ],
  "factory4_night": [
    {
      "x": 14.9062071,
      "y": 4.608978,
      "z": 46.65968
    },
    {
      "x": 14.771657,
      "y": 1.03065383,
      "z": 38.67751
    },
    {
      "x": -39.7549133,
      "y": 7.487152,
      "z": 62.6642342
    },
    {
      "x": -22.3375015,
      "y": 7.487169,
      "z": 9.725967
    },
    {
      "x": 8.108521,
      "y": 7.35232925,
      "z": -0.255552679
    },
    {
      "x": 34.8389435,
      "y": 7.72901058,
      "z": -6.220801
    },
    {
      "x": 30.718338,
      "y": 7.175888,
      "z": -32.70795
    },
    {
      "x": 17.4661484,
      "y": -0.335721046,
      "z": -44.53234
    },
    {
      "x": -8.074425,
      "y": -0.355855674,
      "z": -49.441864
    }
  ],
  "interchange": [
    {
      "x": 306.6949,
      "y": 21.8703613,
      "z": -163.197372
    },
    {
      "x": 370.984,
      "y": 18.3629875,
      "z": -229.275665
    },
    {
      "x": 431.68576,
      "y": 17.574276,
      "z": -320.8318
    },
    {
      "x": 373.3453,
      "y": 17.8586578,
      "z": -375.009766
    },
    {
      "x": 235.885757,
      "y": 20.2026825,
      "z": -276.835724
    },
    {
      "x": 213.305908,
      "y": 20.2839127,
      "z": -213.397018
    },
    {
      "x": 223.268372,
      "y": 19.92921,
      "z": -141.728333
    },
    {
      "x": 214.012634,
      "y": 20.2538376,
      "z": -85.7485046
    },
    {
      "x": 171.5519,
      "y": 21.4475384,
      "z": -65.2406
    },
    {
      "x": 139.65799,
      "y": 21.356554,
      "z": 44.3145
    },
    {
      "x": 67.2355347,
      "y": 21.4292259,
      "z": 204.827774
    },
    {
      "x": -119.261528,
      "y": 22.4796734,
      "z": 261.25354
    },
    {
      "x": -207.836472,
      "y": 23.5151825,
      "z": 257.108459
    },
    {
      "x": -309.632141,
      "y": 21.32544,
      "z": 244.291122
    },
    {
      "x": -347.45932,
      "y": 25.2521248,
      "z": 203.852646
    },
    {
      "x": -295.677856,
      "y": 22.6690922,
      "z": 176.239868
    }
  ],
  "laboratory": [],
  "lighthouse": [],
  "rezervbase": [
    {
      "x": -60.7591362,
      "y": -6.97912836,
      "z": 76.7873
    },
    {
      "x": -90.6994553,
      "y": -2.04958749,
      "z": 140.122711
    },
    {
      "x": -48.7452431,
      "y": 19.2208366,
      "z": 187.727081
    },
    {
      "x": -19.3628979,
      "y": 18.5512447,
      "z": 188.210022
    },
    {
      "x": -3.742982,
      "y": 19.0167141,
      "z": 186.06337
    },
    {
      "x": -27.4317627,
      "y": 18.6971016,
      "z": 179.692245
    },
    {
      "x": -54.56127,
      "y": 12.6666937,
      "z": 180.013412
    },
    {
      "x": -57.1098747,
      "y": -15.8225021,
      "z": 162.027344
    },
    {
      "x": -70.86728,
      "y": -18.5448246,
      "z": 142.329178
    },
    {
      "x": -93.04627,
      "y": -16.2040443,
      "z": 153.5963
    },
    {
      "x": -59.9861,
      "y": -19.8641968,
      "z": 95.98342
    },
    {
      "x": -70.7831345,
      "y": -18.8293934,
      "z": 70.56265
    },
    {
      "x": -109.326,
      "y": -10.6063776,
      "z": 68.1899643
    },
    {
      "x": -11.2557364,
      "y": 18.975029,
      "z": 170.132858
    },
    {
      "x": -5.86996269,
      "y": 18.9980469,
      "z": 179.247635
    }
  ],
  "shoreline": [
    {
      "x": 21.7578163,
      "y": -22.2658558,
      "z": -116.816818
    },
    {
      "x": 51.85456,
      "y": -21.7345924,
      "z": -120.915588
    },
    {
      "x": 94.2967148,
      "y": -33.3620949,
      "z": -94.95909
    },
    {
      "x": 136.4691,
      "y": -40.5397949,
      "z": -84.48611
    },
    {
      "x": 277.8101,
      "y": -49.7844,
      "z": -56.9202156
    },
    {
      "x": 320.6921,
      "y": -47.9757919,
      "z": 50.2625961
    },
    {
      "x": 228.25061,
      "y": -52.2036667,
      "z": 222.827835
    },
    {
      "x": 175.620438,
      "y": -52.599472,
      "z": 278.2336
    },
    {
      "x": 143.395874,
      "y": -52.2199,
      "z": 291.1424
    },
    {
      "x": 105.224106,
      "y": -45.8506241,
      "z": 285.132477
    },
    {
      "x": 72.14921,
      "y": -50.19929,
      "z": 317.7179
    },
    {
      "x": -40.3800163,
      "y": -48.0226631,
      "z": 302.809326
    },
    {
      "x": -89.9393158,
      "y": -48.3895874,
      "z": 385.692047
    },
    {
      "x": -119.667892,
      "y": -46.4225769,
      "z": 387.7154
    },
    {
      "x": -340.330139,
      "y": -41.46095,
      "z": 199.740189
    },
    {
      "x": -397.821136,
      "y": -31.7467251,
      "z": 168.270218
    },
    {
      "x": -534.1599,
      "y": -31.5766544,
      "z": 122.78479
    },
    {
      "x": -608.3026,
      "y": -43.40004,
      "z": 89.1378
    },
    {
      "x": -694.9616,
      "y": -29.5427952,
      "z": 93.6625
    },
    {
      "x": -720.35614,
      "y": -27.535532,
      "z": 103.138641
    },
    {
      "x": -731.1302,
      "y": -29.1101246,
      "z": 82.78596
    },
    {
      "x": -553.0381,
      "y": -31.6007023,
      "z": -122.218216
    },
    {
      "x": -517.332031,
      "y": -18.6244888,
      "z": -331.826874
    }
  ],
  "tarkovstreets": [],
  "woods": [
    {
      "x": -441.057281,
      "y": 3.65819669,
      "z": 36.8388443
    },
    {
      "x": -394.195465,
      "y": 14.1124582,
      "z": -48.00105
    },
    {
      "x": -364.281769,
      "y": 11.6161566,
      "z": -87.91999
    },
    {
      "x": -397.587921,
      "y": 26.2335968,
      "z": -154.201492
    },
    {
      "x": -417.708771,
      "y": 29.5910168,
      "z": -157.471954
    },
    {
      "x": -461.740662,
      "y": 24.3626938,
      "z": -126.122032
    },
    {
      "x": -504.4306,
      "y": 20.2265587,
      "z": -109.970253
    },
    {
      "x": -549.481,
      "y": 11.9535809,
      "z": -129.651566
    },
    {
      "x": -553.2541,
      "y": 14.4923344,
      "z": -165.6219
    },
    {
      "x": -567.378967,
      "y": 15.0085249,
      "z": -199.779312
    },
    {
      "x": -573.6107,
      "y": 20.4829731,
      "z": -226.770462
    },
    {
      "x": -527.8273,
      "y": 21.53733,
      "z": -245.70813
    },
    {
      "x": -477.296875,
      "y": 21.5979,
      "z": -222.327042
    },
    {
      "x": -465.266327,
      "y": 13.9790735,
      "z": -193.114731
    },
    {
      "x": -368.759552,
      "y": 19.74282,
      "z": -319.686462
    },
    {
      "x": -312.902435,
      "y": 18.8585339,
      "z": -340.54834
    },
    {
      "x": -270.1134,
      "y": 35.85196,
      "z": -336.30072
    },
    {
      "x": -257.462616,
      "y": 48.1942253,
      "z": -317.467743
    },
    {
      "x": -226.397675,
      "y": 73.18954,
      "z": -275.203247
    },
    {
      "x": -204.710526,
      "y": 73.3855057,
      "z": -286.2384
    },
    {
      "x": -183.337845,
      "y": 58.27767,
      "z": -306.567383
    },
    {
      "x": -122.976479,
      "y": 28.14654,
      "z": -320.296936
    },
    {
      "x": 26.9335938,
      "y": 35.3191566,
      "z": -317.787384
    },
    {
      "x": 98.11218,
      "y": 23.7318649,
      "z": -320.521545
    },
    {
      "x": 123.120262,
      "y": 28.8445225,
      "z": -365.2525
    },
    {
      "x": 171.565567,
      "y": 24.052124,
      "z": -320.767426
    },
    {
      "x": 200.550964,
      "y": 28.1742916,
      "z": -312.0899
    },
    {
      "x": 223.13829,
      "y": 23.4580956,
      "z": -308.725525
    },
    {
      "x": 242.283569,
      "y": 27.8877983,
      "z": -312.228638
    },
    {
      "x": 195.409637,
      "y": 15.43719,
      "z": -407.290222
    },
    {
      "x": 156.6532,
      "y": 15.778511,
      "z": -423.600647
    },
    {
      "x": 126.563972,
      "y": 15.0498686,
      "z": -472.372467
    },
    {
      "x": 127.557228,
      "y": 10.6898146,
      "z": -527.95575
    },
    {
      "x": 160.398163,
      "y": 9.573848,
      "z": -566.591431
    },
    {
      "x": 175.192612,
      "y": 10.0836039,
      "z": -589.600952
    },
    {
      "x": 151.852188,
      "y": 9.189812,
      "z": -627.6368
    },
    {
      "x": 108.88102,
      "y": 7.929788,
      "z": -636.668335
    },
    {
      "x": 63.632515,
      "y": 8.80674648,
      "z": -643.3811
    },
    {
      "x": 31.9872341,
      "y": 7.71476,
      "z": -634.9655
    },
    {
      "x": -13.3139572,
      "y": 8.710292,
      "z": -602.8302
    },
    {
      "x": -90.28,
      "y": 11.19233,
      "z": -558.5117
    },
    {
      "x": -120.579865,
      "y": 18.9386539,
      "z": -532.1101
    },
    {
      "x": -138.187851,
      "y": 23.0362968,
      "z": -543.271
    },
    {
      "x": -143.808487,
      "y": 22.923296,
      "z": -579.747742
    },
    {
      "x": -194.484131,
      "y": 14.4009724,
      "z": -572.888733
    },
    {
      "x": -264.588043,
      "y": 11.3758965,
      "z": -574.191162
    },
    {
      "x": -306.3808,
      "y": 10.15428,
      "z": -580.8536
    },
    {
      "x": -355.17807,
      "y": 10.1470451,
      "z": -544.560364
    },
    {
      "x": -408.402954,
      "y": 12.979476,
      "z": -510.023163
    },
    {
      "x": -451.77298,
      "y": 10.9889965,
      "z": -501.1638
    },
    {
      "x": -499.516266,
      "y": 11.0263605,
      "z": -482.8442
    },
    {
      "x": -514.2378,
      "y": 12.8470306,
      "z": -442.662262
    }
  ],
  "sandbox": [
    {
      "x": 143.556351,
      "y": 22.7161121,
      "z": 241.783478
    },
    {
      "x": 147.908722,
      "y": 22.7283268,
      "z": 218.328064
    },
    {
      "x": 115.62796,
      "y": 22.7206917,
      "z": 223.250366
    },
    {
      "x": 114.281853,
      "y": 23.41491,
      "z": 271.224426
    },
    {
      "x": 100.142555,
      "y": 23.41491,
      "z": 289.66925
    },
    {
      "x": 130.72522,
      "y": 28.18093,
      "z": 289.177063
    },
    {
      "x": 137.707047,
      "y": 28.17032,
      "z": 259.31604
    },
    {
      "x": 121.426292,
      "y": 32.8303528,
      "z": 267.454651
    },
    {
      "x": 111.062218,
      "y": 32.8303528,
      "z": 284.351044
    },
    {
      "x": 124.207123,
      "y": 23.16095,
      "z": 199.9916
    },
    {
      "x": 119.917885,
      "y": 23.2192173,
      "z": 180.581253
    },
    {
      "x": 118.708855,
      "y": 28.9118061,
      "z": 165.106
    },
    {
      "x": 103.566345,
      "y": 28.9118061,
      "z": 153.3495
    },
    {
      "x": 102.129257,
      "y": 28.9118061,
      "z": 141.105316
    },
    {
      "x": 107.405312,
      "y": 24.4554348,
      "z": 142.803009
    },
    {
      "x": 119.903648,
      "y": 24.40597,
      "z": 123.863663
    },
    {
      "x": 115.733429,
      "y": 24.415884,
      "z": 97.57
    },
    {
      "x": 38.90453,
      "y": 30.9220486,
      "z": 149.009979
    },
    {
      "x": 51.2810669,
      "y": 30.9220486,
      "z": 157.292816
    },
    {
      "x": 59.3686943,
      "y": 30.9220486,
      "z": 130.934952
    },
    {
      "x": 6.069525,
      "y": 23.8162727,
      "z": 94.5240555
    },
    {
      "x": -5.991174,
      "y": 23.9585476,
      "z": 45.5435257
    },
    {
      "x": -50.6397438,
      "y": 24.19526,
      "z": 42.1695023
    },
    {
      "x": -26.93546,
      "y": 24.19526,
      "z": 54.4315224
    },
    {
      "x": -43.5672,
      "y": 29.71441,
      "z": 53.30972
    },
    {
      "x": -38.62996,
      "y": 29.71441,
      "z": 74.16218
    },
    {
      "x": -9.848344,
      "y": 29.7247066,
      "z": 65.29687
    },
    {
      "x": -20.9201031,
      "y": 29.7247066,
      "z": 70.86973
    },
    {
      "x": -33.1490631,
      "y": 27.42457,
      "z": 18.5615025
    },
    {
      "x": -26.708601,
      "y": 24.2605858,
      "z": -12.3976154
    },
    {
      "x": -13.8737364,
      "y": 23.8713245,
      "z": -40.2404366
    }
  ],
  "sandbox_high": [
    {
      "x": 143.556351,
      "y": 22.7161121,
      "z": 241.783478
    },
    {
      "x": 147.908722,
      "y": 22.7283268,
      "z": 218.328064
    },
    {
      "x": 115.62796,
      "y": 22.7206917,
      "z": 223.250366
    },
    {
      "x": 114.281853,
      "y": 23.41491,
      "z": 271.224426
    },
    {
      "x": 100.142555,
      "y": 23.41491,
      "z": 289.66925
    },
    {
      "x": 130.72522,
      "y": 28.18093,
      "z": 289.177063
    },
    {
      "x": 137.707047,
      "y": 28.17032,
      "z": 259.31604
    },
    {
      "x": 121.426292,
      "y": 32.8303528,
      "z": 267.454651
    },
    {
      "x": 111.062218,
      "y": 32.8303528,
      "z": 284.351044
    },
    {
      "x": 124.207123,
      "y": 23.16095,
      "z": 199.9916
    },
    {
      "x": 119.917885,
      "y": 23.2192173,
      "z": 180.581253
    },
    {
      "x": 118.708855,
      "y": 28.9118061,
      "z": 165.106
    },
    {
      "x": 103.566345,
      "y": 28.9118061,
      "z": 153.3495
    },
    {
      "x": 102.129257,
      "y": 28.9118061,
      "z": 141.105316
    },
    {
      "x": 107.405312,
      "y": 24.4554348,
      "z": 142.803009
    },
    {
      "x": 119.903648,
      "y": 24.40597,
      "z": 123.863663
    },
    {
      "x": 115.733429,
      "y": 24.415884,
      "z": 97.57
    },
    {
      "x": 38.90453,
      "y": 30.9220486,
      "z": 149.009979
    },
    {
      "x": 51.2810669,
      "y": 30.9220486,
      "z": 157.292816
    },
    {
      "x": 59.3686943,
      "y": 30.9220486,
      "z": 130.934952
    },
    {
      "x": 6.069525,
      "y": 23.8162727,
      "z": 94.5240555
    },
    {
      "x": -5.991174,
      "y": 23.9585476,
      "z": 45.5435257
    },
    {
      "x": -50.6397438,
      "y": 24.19526,
      "z": 42.1695023
    },
    {
      "x": -26.93546,
      "y": 24.19526,
      "z": 54.4315224
    },
    {
      "x": -43.5672,
      "y": 29.71441,
      "z": 53.30972
    },
    {
      "x": -38.62996,
      "y": 29.71441,
      "z": 74.16218
    },
    {
      "x": -9.848344,
      "y": 29.7247066,
      "z": 65.29687
    },
    {
      "x": -20.9201031,
      "y": 29.7247066,
      "z": 70.86973
    },
    {
      "x": -33.1490631,
      "y": 27.42457,
      "z": 18.5615025
    },
    {
      "x": -26.708601,
      "y": 24.2605858,
      "z": -12.3976154
    },
    {
      "x": -13.8737364,
      "y": 23.8713245,
      "z": -40.2404366
    }
  ]
}