{
    "bigmap": [
        {
            "x": -299.795135,
            "y": -0.792075455,
            "z": -62.2587547
        },
        {
            "x": -161.473068,
            "y": 0.6159158,
            "z": 10.7441244
        },
        {
            "x": -186.046661,
            "y": 0.7232704,
            "z": -45.83475
        },
        {
            "x": -312.796021,
            "y": 0.696360469,
            "z": -197.178
        },
        {
            "x": -202.324554,
            "y": 1.23085988,
            "z": -216.249374
        },
        {
            "x": -283.581879,
            "y": 0.909082353,
            "z": -136.939865
        },
        {
            "x": -55.04195,
            "y": -6.397409,
            "z": -149.426254
        },
        {
            "x": -16.5378914,
            "y": -6.93895435,
            "z": 96.79763
        },
        {
            "x": -95.4472046,
            "y": -9.004111,
            "z": 74.5079
        },
        {
            "x": 141.066711,
            "y": -1.93334079,
            "z": 166.704865
        },
        {
            "x": 309.36557,
            "y": 3.645752,
            "z": 128.9364
        },
        {
            "x": 505.677429,
            "y": 14.2391205,
            "z": 109.919891
        },
        {
            "x": 646.6032,
            "y": 0.283185244,
            "z": 112.016281
        },
        {
            "x": 544.4401,
            "y": 1.21533668,
            "z": -67.5447845
        },
        {
            "x": 476.4955,
            "y": 4.16871738,
            "z": -138.71698
        },
        {
            "x": 335.4628,
            "y": 1.089019,
            "z": -170.20282
        },
        {
            "x": 207.361008,
            "y": 1.09676576,
            "z": -201.694626
        },
        {
            "x": 58.74632,
            "y": 1.09900212,
            "z": -155.069855
        }
    ],
    "factory4_day": [],
    "factory4_night": [],
    "interchange": [
        {
            "x": 338.671173,
            "y": 20.4173946,
            "z": -179.711777
        },
        {
            "x": 436.7853,
            "y": 16.8427067,
            "z": -389.1228
        },
        {
            "x": 295.963837,
            "y": 21.1591358,
            "z": -410.346375
        },
        {
            "x": -33.1391373,
            "y": 20.4242954,
            "z": -385.45105
        },
        {
            "x": -340.798737,
            "y": 23.6344166,
            "z": 216.433762
        },
        {
            "x": -185.093521,
            "y": 23.7038841,
            "z": 269.034973
        },
        {
            "x": 32.95307,
            "y": 21.3254375,
            "z": 265.454041
        },
        {
            "x": 156.811981,
            "y": 21.84012,
            "z": 355.956879
        },
        {
            "x": 243.463745,
            "y": 20.38037,
            "z": -51.5066223
        },
        {
            "x": 242.890335,
            "y": 20.42104,
            "z": 151.460617
        }
    ],
    "laboratory": [
        {
            "x": -269.401672,
            "y": 0.0387799069,
            "z": -346.6362
        },
        {
            "x": -252.543762,
            "y": 0.0144542921,
            "z": -322.145782
        },
        {
            "x": -269.3669,
            "y": 0.009295247,
            "z": -380.176636
        },
        {
            "x": -241.675522,
            "y": 0.0231516119,
            "z": -399.262543
        },
        {
            "x": -191.706711,
            "y": 0.0443836674,
            "z": -396.740631
        },
        {
            "x": -128.968018,
            "y": 0.00874882,
            "z": -408.491241
        },
        {
            "x": -137.173233,
            "y": 0.008743896,
            "z": -390.283325
        },
        {
            "x": -127.087746,
            "y": 1.36848688,
            "z": -314.859253
        },
        {
            "x": -133.65802,
            "y": 4.10687542,
            "z": -284.917175
        },
        {
            "x": -170.5535,
            "y": 4.10827875,
            "z": -288.970825
        },
        {
            "x": -235.9631,
            "y": 0.02021411,
            "z": -301.364746
        },
        {
            "x": -245.381973,
            "y": 4.13698149,
            "z": -289.809265
        },
        {
            "x": -215.6985,
            "y": 4.1232357,
            "z": -297.3775
        },
        {
            "x": -117.577316,
            "y": 4.09994268,
            "z": -352.15094
        },
        {
            "x": -162.7386,
            "y": 4.100834,
            "z": -414.788055
        },
        {
            "x": -131.413925,
            "y": -5.321017,
            "z": -270.7868
        },
        {
            "x": -157.940536,
            "y": -4.025572,
            "z": -322.816437
        },
        {
            "x": -122.931381,
            "y": -4.053961,
            "z": -416.521484
        },
        {
            "x": -141.633255,
            "y": -4.053967,
            "z": -362.562347
        },
        {
            "x": -237.284378,
            "y": -4.054952,
            "z": -401.922546
        },
        {
            "x": -245.84613,
            "y": -4.05096,
            "z": -392.329437
        },
        {
            "x": -266.167267,
            "y": -4.050967,
            "z": -331.420319
        },
        {
            "x": -246.118454,
            "y": -4.050969,
            "z": -315.094421
        }
    ],
    "lighthouse": [
        {
            "x": -347.068268,
            "y": 8.340902,
            "z": -167.687271
        },
        {
            "x": -141.4224,
            "y": 5.94643164,
            "z": 464.096466
        },
        {
            "x": 98.58052,
            "y": 0.523106039,
            "z": 438.0078
        },
        {
            "x": 44.5311,
            "y": 6.770456,
            "z": 267.58847
        },
        {
            "x": -132.811508,
            "y": 28.8652363,
            "z": 262.322144
        },
        {
            "x": 28.65869,
            "y": 5.946433,
            "z": -149.757751
        },
        {
            "x": -355.9492,
            "y": 28.6134815,
            "z": -554.9974
        }
    ],
    "rezervbase": [
        {
            "x": -117.41674,
            "y": -6.94097567,
            "z": -126.8281
        },
        {
            "x": -290.853,
            "y": -6.23742867,
            "z": -82.02813
        },
        {
            "x": -242.872467,
            "y": -7.00368261,
            "z": 71.38473
        },
        {
            "x": -54.6103363,
            "y": 12.5940857,
            "z": 180.517792
        },
        {
            "x": 40.4504852,
            "y": -6.96843624,
            "z": 127.704086
        },
        {
            "x": 229.591537,
            "y": -10.8264685,
            "z": -6.251291
        },
        {
            "x": 66.66485,
            "y": -7.078331,
            "z": -222.889786
        },
        {
            "x": 183.8646,
            "y": -7.07833338,
            "z": -242.319489
        }
    ],
    "shoreline": [
        {
            "x": -857.042053,
            "y": -44.07337,
            "z": 44.4614449
        },
        {
            "x": -950.0995,
            "y": -58.12517,
            "z": 343.5474
        },
        {
            "x": -779.1739,
            "y": -43.6335678,
            "z": 147.1827
        },
        {
            "x": -663.619568,
            "y": -59.8642654,
            "z": 479.8578
        },
        {
            "x": -578.102966,
            "y": -52.86286,
            "z": 361.587677
        },
        {
            "x": -653.6105,
            "y": -54.3288956,
            "z": 324.319916
        },
        {
            "x": -535.9019,
            "y": -20.2934074,
            "z": -315.15506
        },
        {
            "x": -571.0331,
            "y": -32.45719,
            "z": -125.33004
        },
        {
            "x": -268.8724,
            "y": 2.83521843,
            "z": -316.597778
        },
        {
            "x": -44.0547256,
            "y": -19.98136,
            "z": -331.02533
        },
        {
            "x": 269.6259,
            "y": -54.3664665,
            "z": -199.565613
        },
        {
            "x": 362.025818,
            "y": -53.6625671,
            "z": -54.38199
        },
        {
            "x": 342.8613,
            "y": -59.67307,
            "z": 309.0564
        },
        {
            "x": 379.492249,
            "y": -54.2628937,
            "z": 144.472382
        },
        {
            "x": -149.7489,
            "y": -44.6102028,
            "z": 312.112823
        },
        {
            "x": -89.28763,
            "y": -43.4284019,
            "z": 182.145447
        },
        {
            "x": -354.404755,
            "y": -49.6936646,
            "z": 276.546143
        }
    ],
    "tarkovstreets": [
        {
            "x": -103.313057,
            "y": 1.40553725,
            "z": 113.611778
        },
        {
            "x": -250.161011,
            "y": 2.210371,
            "z": 225.82222
        },
        {
            "x": -239.2391,
            "y": 2.12091279,
            "z": 361.094147
        },
        {
            "x": -182.234146,
            "y": 2.31634426,
            "z": 447.124023
        },
        {
            "x": 160.476181,
            "y": 3.42234564,
            "z": 414.097565
        },
        {
            "x": 259.928131,
            "y": -1.27506771,
            "z": 382.922119
        },
        {
            "x": 201.846222,
            "y": 2.730404,
            "z": 266.4402
        },
        {
            "x": 169.522873,
            "y": 1.01374114,
            "z": 173.625931
        },
        {
            "x": 125.938614,
            "y": -2.497073,
            "z": 47.609848
        },
        {
            "x": -22.7947044,
            "y": 0.0242015533,
            "z": 42.16738
        },
        {
            "x": 289.60437,
            "y": 3.39077282,
            "z": 493.257
        },
        {
            "x": 219.696228,
            "y": 4.736937,
            "z": 486.5584
        },
        {
            "x": 258.7046,
            "y": 3.303387,
            "z": 404.443237
        },
        {
            "x": 213.652328,
            "y": 0.332340747,
            "z": 129.0932
        }
    ],
    "woods": [
        {
            "x": -143.36026,
            "y": 19.4027061,
            "z": -420.835938
        },
        {
            "x": -133.762558,
            "y": 16.8844471,
            "z": -71.7564
        },
        {
            "x": -482.160553,
            "y": 21.4377022,
            "z": -53.25629
        },
        {
            "x": -520.124939,
            "y": 11.7424622,
            "z": 27.3865223
        },
        {
            "x": -528.617554,
            "y": -1.07551348,
            "z": 301.5816
        },
        {
            "x": -253.216354,
            "y": -0.6009716,
            "z": 353.652954
        },
        {
            "x": -286.549438,
            "y": -1.12362671,
            "z": 253.482788
        },
        {
            "x": 236.1581,
            "y": -11.4453735,
            "z": 283.424438
        },
        {
            "x": 410.290344,
            "y": -17.9690952,
            "z": 350.1918
        },
        {
            "x": 390.245056,
            "y": -0.8033935,
            "z": -101.473488
        },
        {
            "x": 220.6688,
            "y": 24.56161,
            "z": -314.8243
        },
        {
            "x": 358.880066,
            "y": 14.1339083,
            "z": -383.2714
        },
        {
            "x": 351.3308,
            "y": 23.3881359,
            "z": -654.9109
        },
        {
            "x": 275.498169,
            "y": 15.4604082,
            "z": -347.270142
        },
        {
            "x": 369.12793,
            "y": -1.61039114,
            "z": -36.00638
        }
    ],
    "sandbox": [
        {
            "x": 40.2494965,
            "y": 22.5971279,
            "z": -83.03254
        },
        {
            "x": 5.157581,
            "y": 23.81583,
            "z": -38.45117
        },
        {
            "x": 145.0102,
            "y": 22.6317348,
            "z": -89.7425842
        },
        {
            "x": 145.72049,
            "y": 22.7683678,
            "z": -48.638958
        },
        {
            "x": 129.5789,
            "y": 22.7725849,
            "z": -12.9252834
        },
        {
            "x": 214.009064,
            "y": 16.0176239,
            "z": 66.06969
        },
        {
            "x": 190.212921,
            "y": 16.286,
            "z": 7.62610435
        },
        {
            "x": 173.59758,
            "y": 24.40857,
            "z": 87.16724
        },
        {
            "x": -38.75407,
            "y": 24.1793537,
            "z": 33.53758
        },
        {
            "x": -17.279829,
            "y": 29.6710052,
            "z": 76.39341
        },
        {
            "x": -13.5349054,
            "y": 23.4068279,
            "z": 128.740128
        },
        {
            "x": 20.2086773,
            "y": 22.5970764,
            "z": 295.325958
        },
        {
            "x": -7.01946354,
            "y": 22.7383156,
            "z": 330.0437
        },
        {
            "x": 118.390976,
            "y": 28.1391182,
            "z": 308.5926
        },
        {
            "x": 113.360558,
            "y": 32.80909,
            "z": 283.102783
        },
        {
            "x": 130.61467,
            "y": 22.5971012,
            "z": 237.9587
        },
        {
            "x": 82.11122,
            "y": 13.9416218,
            "z": 166.629745
        },
        {
            "x": 83.2495041,
            "y": 14.0007591,
            "z": -43.6726074
        }
    ],
    "sandbox_high": [
        {
            "x": 40.2494965,
            "y": 22.5971279,
            "z": -83.03254
        },
        {
            "x": 5.157581,
            "y": 23.81583,
            "z": -38.45117
        },
        {
            "x": 145.0102,
            "y": 22.6317348,
            "z": -89.7425842
        },
        {
            "x": 145.72049,
            "y": 22.7683678,
            "z": -48.638958
        },
        {
            "x": 129.5789,
            "y": 22.7725849,
            "z": -12.9252834
        },
        {
            "x": 214.009064,
            "y": 16.0176239,
            "z": 66.06969
        },
        {
            "x": 190.212921,
            "y": 16.286,
            "z": 7.62610435
        },
        {
            "x": 173.59758,
            "y": 24.40857,
            "z": 87.16724
        },
        {
            "x": -38.75407,
            "y": 24.1793537,
            "z": 33.53758
        },
        {
            "x": -17.279829,
            "y": 29.6710052,
            "z": 76.39341
        },
        {
            "x": -13.5349054,
            "y": 23.4068279,
            "z": 128.740128
        },
        {
            "x": 20.2086773,
            "y": 22.5970764,
            "z": 295.325958
        },
        {
            "x": -7.01946354,
            "y": 22.7383156,
            "z": 330.0437
        },
        {
            "x": 118.390976,
            "y": 28.1391182,
            "z": 308.5926
        },
        {
            "x": 113.360558,
            "y": 32.80909,
            "z": 283.102783
        },
        {
            "x": 130.61467,
            "y": 22.5971012,
            "z": 237.9587
        },
        {
            "x": 82.11122,
            "y": 13.9416218,
            "z": 166.629745
        },
        {
            "x": 83.2495041,
            "y": 14.0007591,
            "z": -43.6726074
        }
    ]
}