{
  "bigmap": [
    {
      "x": -284.638641,
      "y": -0.8085841,
      "z": -51.5765533
    },
    {
      "x": -2.39736366,
      "y": -5.3431716,
      "z": 128.833954
    },
    {
      "x": 671.046265,
      "y": 6.96879864,
      "z": 78.8503342
    }
  ],
  "factory4_day": [
    {
      "x": 57.0076828,
      "y": 0.2946574,
      "z": 53.0646553
    },
    {
      "x": 24.3421535,
      "y": 1.20932353,
      "z": 56.3990059
    },
    {
      "x": 0.366912544,
      "y": -0.352144122,
      "z": -53.7991943
    }
  ],
  "factory4_night": [],
  "interchange": [],
  "laboratory": [],
  "lighthouse": [],
  "rezervbase": [
    {
      "x": -76.24556,
      "y": 21.2802773,
      "z": 194.142731
    }
  ],
  "shoreline": [],
  "tarkovstreets": [],
  "woods": [],
  "sandbox": [],
  "sandbox_high": []
}