{
  "bigmap": [
    {
      "x": -235.514816,
      "y": 1.71511328,
      "z": -90.65792
    },
    {
      "x": 375.373779,
      "y": 11.0117579,
      "z": 155.3459
    },
    {
      "x": 539.9962,
      "y": 12.5253057,
      "z": 165.450333
    },
    {
      "x": 586.187561,
      "y": 9.813362,
      "z": 141.6987
    },
    {
      "x": 617.64,
      "y": 2.97147727,
      "z": 87.2145538
    },
    {
      "x": 649.393738,
      "y": 2.4090439999999997,
      "z": 49.1529655
    },
    {
      "x": 647.832031,
      "y": 0.45541042460000003,
      "z": -16.4535866
    },
    {
      "x": 570.888,
      "y": 9.679792,
      "z": -124.946266
    },
    {
      "x": 573.312439,
      "y": 7.23252,
      "z": -55.1983948
    },
    {
      "x": 385.6326,
      "y": 1.84112751,
      "z": -109.0065
    },
    {
      "x": 327.154022,
      "y": 10.006629,
      "z": -74.3271561
    },
    {
      "x": 346.438171,
      "y": 1.72811913,
      "z": -77.25114
    },
    {
      "x": 314.941437,
      "y": 1.66246521,
      "z": -90.0657654
    },
    {
      "x": 285.944763,
      "y": 1.96794569,
      "z": -40.2178154
    },
    {
      "x": 275.077545,
      "y": 2.044823,
      "z": -13.4269781
    },
    {
      "x": 249.480133,
      "y": 5.72205544,
      "z": -33.0787659
    },
    {
      "x": 261.793854,
      "y": 6.36171961,
      "z": -66.88628
    },
    {
      "x": 292.700531,
      "y": 1.606755,
      "z": -82.14554
    },
    {
      "x": 249.8792,
      "y": 1.82383776,
      "z": -216.285156
    },
    {
      "x": 86.2089844,
      "y": 1.62022269,
      "z": -169.991531
    },
    {
      "x": -18.3804474,
      "y": -7.07633972,
      "z": 100.548088
    },
    {
      "x": 488.2746,
      "y": 4.633864,
      "z": -147.154587
    },
    {
      "x": 274.49176,
      "y": 3.42755079,
      "z": 151.438309
    }
  ],
  "factory4_day": [
    {
      "x": -5.679021,
      "y": 8.881359,
      "z": -26.3386173
    },
    {
      "x": 9.079021,
      "y": 4.0276048200000005,
      "z": -38.5319939
    },
    {
      "x": 28.2991257,
      "y": 4.07116866,
      "z": -31.3675442
    },
    {
      "x": 68.7076645,
      "y": 0.5511049777,
      "z": -7.81235647
    },
    {
      "x": 11.2736158,
      "y": 1.64256132,
      "z": 58.3516159
    },
    {
      "x": 29.4325447,
      "y": 1.4928648469999999,
      "z": 43.576622
    }
  ],
  "factory4_night": [
    {
      "x": -5.679021,
      "y": 8.881359,
      "z": -26.3386173
    },
    {
      "x": 9.079021,
      "y": 4.0276048200000005,
      "z": -38.5319939
    },
    {
      "x": 28.2991257,
      "y": 4.07116866,
      "z": -31.3675442
    },
    {
      "x": 68.7076645,
      "y": 0.5511049777,
      "z": -7.81235647
    },
    {
      "x": 11.2736158,
      "y": 1.64256132,
      "z": 58.3516159
    },
    {
      "x": 29.4325447,
      "y": 1.4928648469999999,
      "z": 43.576622
    }
  ],
  "interchange": [
    {
      "x": 446.206116,
      "y": 18.1065464,
      "z": -292.665222
    },
    {
      "x": 124.291664,
      "y": 21.826746,
      "z": 271.128418
    },
    {
      "x": -344.8051,
      "y": 21.50156,
      "z": 264.128967
    },
    {
      "x": -326.361664,
      "y": 21.8861561,
      "z": 261.583374
    },
    {
      "x": -287.247681,
      "y": 21.8254337,
      "z": 225.601791
    },
    {
      "x": -67.20804,
      "y": 21.8254356,
      "z": -353.0317
    }
  ],
  "laboratory": [],
  "lighthouse": [
    {
      "x": -138.759735,
      "y": 22.344717,
      "z": 298.995026
    },
    {
      "x": 107.747215,
      "y": 0.646862835,
      "z": 551.5041
    },
    {
      "x": 119.693924,
      "y": 0.815569371,
      "z": -163.307343
    },
    {
      "x": -407.4164,
      "y": 14.8516836,
      "z": -475.0829
    },
    {
      "x": -124.275848,
      "y": 1.084059656,
      "z": -353.473755
    },
    {
      "x": -344.0873,
      "y": 10.78395,
      "z": -189.107147
    },
    {
      "x": -72.95316,
      "y": 13.4610224,
      "z": 237.904449
    },
    {
      "x": -52.01755,
      "y": 9.415716,
      "z": 280.982971
    },
    {
      "x": -126.961792,
      "y": 0.624748014,
      "z": 525.7007
    },
    {
      "x": -273.731537,
      "y": 14.330102,
      "z": -195.1435
    },
    {
      "x": -262.871979,
      "y": 1.4993639,
      "z": -348.9483
    },
    {
      "x": -30.5226479,
      "y": 12.4621935,
      "z": -886.108643
    },
    {
      "x": 55.59912,
      "y": 11.0115089,
      "z": -896.057251
    },
    {
      "x": 107.381256,
      "y": 5.11968136,
      "z": -934.385559
    },
    {
      "x": -344.3486,
      "y": 27.353611,
      "z": -658.0147
    },
    {
      "x": -125.909645,
      "y": 32.9849548,
      "z": 162.170563
    }
  ],
  "rezervbase": [
    {
      "x": -0.8466827,
      "y": -6.56154871,
      "z": -200.959717
    },
    {
      "x": 69.502594,
      "y": -6.48131371,
      "z": -225.894562
    },
    {
      "x": -292.510254,
      "y": -5.76621151,
      "z": -78.32959
    },
    {
      "x": -259.83963,
      "y": -5.44681168,
      "z": 51.8360252
    },
    {
      "x": -32.25938,
      "y": 19.0377769,
      "z": 173.245392
    },
    {
      "x": -66.12207,
      "y": -15.323307,
      "z": 166.748627
    },
    {
      "x": -115.467636,
      "y": -14.0357494,
      "z": 37.0463066
    },
    {
      "x": -5.534995,
      "y": 26.4255848,
      "z": 190.841278
    },
    {
      "x": 272.105133,
      "y": -6.473955,
      "z": 13.4919682
    },
    {
      "x": 218.881165,
      "y": -6.451986,
      "z": -110.935707
    },
    {
      "x": 189.465942,
      "y": -6.30287933,
      "z": -216.501923
    },
    {
      "x": 162.844543,
      "y": -6.343725,
      "z": -236.902481
    },
    {
      "x": -7.877653,
      "y": 19.5167141,
      "z": 191.588013
    }
  ],
  "shoreline": [
    {
      "x": -292.390167,
      "y": -34.5392532,
      "z": 157.488846
    },
    {
      "x": -110.234634,
      "y": -41.6665573,
      "z": 355.3756
    },
    {
      "x": 33.320118,
      "y": -46.29929,
      "z": 119.379257
    },
    {
      "x": -414.384949,
      "y": -18.00421,
      "z": -269.216827
    },
    {
      "x": -108.520767,
      "y": -41.01313,
      "z": 274.7408
    },
    {
      "x": -713.2729,
      "y": -46.5427856,
      "z": 376.357727
    },
    {
      "x": -810.128845,
      "y": -52.685215,
      "z": 357.9311
    },
    {
      "x": -831.979,
      "y": -44.0417328,
      "z": 104.6881
    },
    {
      "x": 48.83184,
      "y": -36.6432571,
      "z": -17.975769
    }
  ],
  "tarkovstreets": [],
  "woods": [
    {
      "x": 369.19278,
      "y": 0.53812469,
      "z": -163.258347
    },
    {
      "x": 293.084,
      "y": 7.1461,
      "z": -251.827377
    },
    {
      "x": 241.989639,
      "y": 28.4491272,
      "z": -321.6662
    },
    {
      "x": 33.17424,
      "y": 35.81081,
      "z": -327.0943
    },
    {
      "x": 24.5087166,
      "y": 23.7123184,
      "z": -396.8567
    },
    {
      "x": -160.655685,
      "y": 19.0995445,
      "z": -424.976471
    },
    {
      "x": 66.99521,
      "y": 15.74468,
      "z": -790.8915
    },
    {
      "x": 304.1156,
      "y": 23.581913,
      "z": -611.909241
    },
    {
      "x": 21.492918,
      "y": 11.8092976,
      "z": -550.3476
    },
    {
      "x": -561.0152,
      "y": 14.9781046,
      "z": -385.390228
    },
    {
      "x": -511.078552,
      "y": 14.204133,
      "z": -91.32903
    },
    {
      "x": -110.62043,
      "y": 8.26972151,
      "z": 77.08037
    },
    {
      "x": -527.2279,
      "y": 7.76844358,
      "z": 148.111267
    },
    {
      "x": -178.88089,
      "y": 50.893055,
      "z": -222.052734
    },
    {
      "x": -535.668152,
      "y": 11.0035973,
      "z": -133.141312
    },
    {
      "x": 194.299759,
      "y": -14.4182987,
      "z": 262.024658
    },
    {
      "x": 289.369263,
      "y": 12.0692568,
      "z": -566.685852
    },
    {
      "x": -46.5257339,
      "y": 9.384923,
      "z": -602.5932
    },
    {
      "x": -80.87197,
      "y": -4.05404329,
      "z": 158.338455
    }
  ],
  "sandbox": [
    {
      "x": 129.421143,
      "y": 23.9573441,
      "z": 293.009033
    },
    {
      "x": 113.164185,
      "y": 33.319603,
      "z": 282.538727
    },
    {
      "x": 48.6474152,
      "y": 23.9374447,
      "z": 157.17392
    },
    {
      "x": 115.092773,
      "y": 24.9380016,
      "z": 142.257156
    },
    {
      "x": 101.9017,
      "y": 29.4764881,
      "z": 111.925575
    },
    {
      "x": 128.609482,
      "y": 24.9139576,
      "z": 92.77304
    },
    {
      "x": -26.6534958,
      "y": 24.7057018,
      "z": 22.3732262
    },
    {
      "x": -26.66907,
      "y": 24.6810627,
      "z": -16.0451965
    },
    {
      "x": -41.6530876,
      "y": 30.2298813,
      "z": 63.5666428
    },
    {
      "x": -15.5884218,
      "y": 30.2231712,
      "z": 76.8380051
    },
    {
      "x": 175.026276,
      "y": 17.428,
      "z": 28.9653358
    },
    {
      "x": 50.16706,
      "y": 31.40412,
      "z": 147.336731
    },
    {
      "x": 78.1081543,
      "y": 14.5159016,
      "z": 173.353226
    },
    {
      "x": 130.68251,
      "y": 23.3459148,
      "z": 7.57552528
    },
    {
      "x": 107.514496,
      "y": 24.9085712,
      "z": 93.20195
    },
    {
      "x": 216.797638,
      "y": 16.517622,
      "z": 33.8977356
    }
  ],
  "sandbox_high": [
    {
      "x": 129.421143,
      "y": 23.9573441,
      "z": 293.009033
    },
    {
      "x": 113.164185,
      "y": 33.319603,
      "z": 282.538727
    },
    {
      "x": 48.6474152,
      "y": 23.9374447,
      "z": 157.17392
    },
    {
      "x": 115.092773,
      "y": 24.9380016,
      "z": 142.257156
    },
    {
      "x": 101.9017,
      "y": 29.4764881,
      "z": 111.925575
    },
    {
      "x": 128.609482,
      "y": 24.9139576,
      "z": 92.77304
    },
    {
      "x": -26.6534958,
      "y": 24.7057018,
      "z": 22.3732262
    },
    {
      "x": -26.66907,
      "y": 24.6810627,
      "z": -16.0451965
    },
    {
      "x": -41.6530876,
      "y": 30.2298813,
      "z": 63.5666428
    },
    {
      "x": -15.5884218,
      "y": 30.2231712,
      "z": 76.8380051
    },
    {
      "x": 175.026276,
      "y": 17.428,
      "z": 28.9653358
    },
    {
      "x": 50.16706,
      "y": 31.40412,
      "z": 147.336731
    },
    {
      "x": 78.1081543,
      "y": 14.5159016,
      "z": 173.353226
    },
    {
      "x": 130.68251,
      "y": 23.3459148,
      "z": 7.57552528
    },
    {
      "x": 107.514496,
      "y": 24.9085712,
      "z": 93.20195
    },
    {
      "x": 216.797638,
      "y": 16.517622,
      "z": 33.8977356
    }
  ]
}
