{
  "bigmap": [
    {
      "x": -284.943146,
      "y": 1.4239985,
      "z": -136.588181
    },
    {
      "x": -304.006348,
      "y": 1.4297495,
      "z": -179.318909
    },
    {
      "x": -208.90892,
      "y": 1.77403331,
      "z": -225.2736
    },
    {
      "x": -237.128616,
      "y": 1.72657418,
      "z": -121.247658
    },
    {
      "x": -234.247025,
      "y": 1.93498886,
      "z": -151.727432
    },
    {
      "x": 457.799622,
      "y": 6.07589054,
      "z": 126.373367
    },
    {
      "x": 497.4013,
      "y": 13.7815294,
      "z": 133.515411
    },
    {
      "x": 513.3094,
      "y": 12.3549109,
      "z": 155.173431
    },
    {
      "x": 582.066,
      "y": 11.0088558,
      "z": 121.40007
    },
    {
      "x": 573.964539,
      "y": 10.860033,
      "z": 109.094734
    },
    {
      "x": 599.232056,
      "y": 6.82307,
      "z": 101.392273
    },
    {
      "x": 654.828369,
      "y": 1.66011035,
      "z": 77.30017
    },
    {
      "x": 624.695251,
      "y": -0.4742429,
      "z": 30.6330967
    },
    {
      "x": 643.2286,
      "y": 5.5803256,
      "z": 12.3052654
    },
    {
      "x": 650.086548,
      "y": 0.108204782,
      "z": -33.0176468
    },
    {
      "x": 594.839539,
      "y": -0.7951256,
      "z": -27.881813
    },
    {
      "x": 605.179565,
      "y": 0.5171957985,
      "z": -12.2007494
    },
    {
      "x": 618.131348,
      "y": -0.102399766,
      "z": -86.60424
    },
    {
      "x": 540.1409,
      "y": 1.91840613,
      "z": -124.3964
    },
    {
      "x": 565.567566,
      "y": 4.530571,
      "z": -125.521751
    },
    {
      "x": 566.3823,
      "y": 7.17525959,
      "z": -49.90116
    },
    {
      "x": 573.549744,
      "y": 1.92474866,
      "z": -79.9106445
    },
    {
      "x": 562.5062,
      "y": 1.92474866,
      "z": -81.12562
    },
    {
      "x": 367.363861,
      "y": 1.84112751,
      "z": -99.93791
    },
    {
      "x": 339.615631,
      "y": 1.808548,
      "z": -33.2781143
    },
    {
      "x": 334.112366,
      "y": -2.52091026,
      "z": -61.4922829
    },
    {
      "x": 317.8741,
      "y": 1.57443154,
      "z": -71.61143
    },
    {
      "x": 296.8635,
      "y": 1.63690567,
      "z": -35.6471
    },
    {
      "x": 273.7383,
      "y": 1.658813,
      "z": -1.67193556
    },
    {
      "x": 259.717773,
      "y": 8.940103,
      "z": -8.430237
    },
    {
      "x": 259.626953,
      "y": 9.006136,
      "z": -22.9348011
    },
    {
      "x": 275.538147,
      "y": 6.9441967,
      "z": -33.89297
    },
    {
      "x": 260.338928,
      "y": 2.03420162,
      "z": -66.23898
    },
    {
      "x": 190.591125,
      "y": 8.267894,
      "z": -103.392845
    },
    {
      "x": 213.910629,
      "y": 8.26133871,
      "z": -140.68988
    },
    {
      "x": 223.9906,
      "y": 1.64600563,
      "z": -244.305008
    },
    {
      "x": 183.847977,
      "y": 1.58706868,
      "z": -214.653824
    },
    {
      "x": 59.850563,
      "y": 1.59559584,
      "z": -170.731049
    },
    {
      "x": -59.9128723,
      "y": -6.22277355,
      "z": -160.477219
    },
    {
      "x": -102.996346,
      "y": -9.146751,
      "z": -39.917366
    },
    {
      "x": 134.103119,
      "y": 0.5236490928,
      "z": 72.98761
    },
    {
      "x": 109.656487,
      "y": 1.84072864,
      "z": -94.5954
    },
    {
      "x": 510.716064,
      "y": 6.323722,
      "z": -65.52496
    },
    {
      "x": 509.49527,
      "y": 1.5242126,
      "z": 28.2894745
    },
    {
      "x": 334.346222,
      "y": 6.820747,
      "z": 120.493515
    }
  ],
  "factory4_day": [
    {
      "x": -31.5008049,
      "y": -2.09620523,
      "z": 32.2005348
    },
    {
      "x": -18.7847786,
      "y": -2.097631,
      "z": 40.29317
    },
    {
      "x": 16.9372578,
      "y": -2.08116531,
      "z": 40.84489
    },
    {
      "x": 23.5751019,
      "y": -2.101208,
      "z": 7.9283185
    },
    {
      "x": 19.4345531,
      "y": -2.101208,
      "z": -13.3914032
    },
    {
      "x": 27.6461773,
      "y": -2.101208,
      "z": -34.54554
    },
    {
      "x": 38.79806,
      "y": -2.09461427,
      "z": -18.6310368
    },
    {
      "x": 31.9105778,
      "y": 7.618354,
      "z": -32.1087
    },
    {
      "x": 30.08668,
      "y": 7.75526237,
      "z": -20.3167381
    },
    {
      "x": 21.4689655,
      "y": 8.888684,
      "z": 7.54276848
    },
    {
      "x": 6.222929,
      "y": 7.68675137,
      "z": 16.6077843
    },
    {
      "x": -22.1931133,
      "y": 7.98713732,
      "z": 11.6042461
    },
    {
      "x": 1.68692517,
      "y": 8.942114,
      "z": -11.3421993
    },
    {
      "x": -1.84703875,
      "y": 0.14306390000000002,
      "z": -47.23748
    },
    {
      "x": 18.9013824,
      "y": 0.16807422,
      "z": -45.4415
    },
    {
      "x": 33.5459023,
      "y": 4.09096456,
      "z": -20.01963
    },
    {
      "x": 34.1248779,
      "y": 4.0770335200000005,
      "z": -26.7420425
    },
    {
      "x": 33.72695,
      "y": 4.142160179999999,
      "z": -35.1665726
    },
    {
      "x": 52.81441,
      "y": 0.600790583,
      "z": -32.3851242
    },
    {
      "x": 65.46217,
      "y": 0.600790583,
      "z": -42.0289726
    },
    {
      "x": 72.72261,
      "y": 0.600790583,
      "z": -48.6636353
    },
    {
      "x": 69.30476,
      "y": 0.5511049777,
      "z": 16.7004738
    },
    {
      "x": 57.9490433,
      "y": -2.10287642,
      "z": 6.3532815
    },
    {
      "x": 69.21042,
      "y": 0.600287616,
      "z": 39.88715
    },
    {
      "x": 42.1991425,
      "y": 4.89614344,
      "z": 40.3816681
    },
    {
      "x": 14.3901482,
      "y": 8.633129,
      "z": 39.9571266
    },
    {
      "x": 18.1188564,
      "y": 5.063123,
      "z": 45.0536346
    },
    {
      "x": 32.0923347,
      "y": 5.085275,
      "z": 47.6640778
    },
    {
      "x": 23.9675312,
      "y": 1.6643647,
      "z": 56.24548
    },
    {
      "x": 14.9902935,
      "y": 1.54594648,
      "z": 36.4069862
    }
  ],
  "factory4_night": [
    {
      "x": -31.5008049,
      "y": -2.09620523,
      "z": 32.2005348
    },
    {
      "x": -18.7847786,
      "y": -2.097631,
      "z": 40.29317
    },
    {
      "x": 16.9372578,
      "y": -2.08116531,
      "z": 40.84489
    },
    {
      "x": 23.5751019,
      "y": -2.101208,
      "z": 7.9283185
    },
    {
      "x": 19.4345531,
      "y": -2.101208,
      "z": -13.3914032
    },
    {
      "x": 27.6461773,
      "y": -2.101208,
      "z": -34.54554
    },
    {
      "x": 38.79806,
      "y": -2.09461427,
      "z": -18.6310368
    },
    {
      "x": 31.9105778,
      "y": 7.618354,
      "z": -32.1087
    },
    {
      "x": 30.08668,
      "y": 7.75526237,
      "z": -20.3167381
    },
    {
      "x": 21.4689655,
      "y": 8.888684,
      "z": 7.54276848
    },
    {
      "x": 6.222929,
      "y": 7.68675137,
      "z": 16.6077843
    },
    {
      "x": -22.1931133,
      "y": 7.98713732,
      "z": 11.6042461
    },
    {
      "x": 1.68692517,
      "y": 8.942114,
      "z": -11.3421993
    },
    {
      "x": -1.84703875,
      "y": 0.14306390000000002,
      "z": -47.23748
    },
    {
      "x": 18.9013824,
      "y": 0.16807422,
      "z": -45.4415
    },
    {
      "x": 33.5459023,
      "y": 4.09096456,
      "z": -20.01963
    },
    {
      "x": 34.1248779,
      "y": 4.0770335200000005,
      "z": -26.7420425
    },
    {
      "x": 33.72695,
      "y": 4.142160179999999,
      "z": -35.1665726
    },
    {
      "x": 52.81441,
      "y": 0.600790583,
      "z": -32.3851242
    },
    {
      "x": 65.46217,
      "y": 0.600790583,
      "z": -42.0289726
    },
    {
      "x": 72.72261,
      "y": 0.600790583,
      "z": -48.6636353
    },
    {
      "x": 69.30476,
      "y": 0.5511049777,
      "z": 16.7004738
    },
    {
      "x": 57.9490433,
      "y": -2.10287642,
      "z": 6.3532815
    },
    {
      "x": 69.21042,
      "y": 0.600287616,
      "z": 39.88715
    },
    {
      "x": 42.1991425,
      "y": 4.89614344,
      "z": 40.3816681
    },
    {
      "x": 14.3901482,
      "y": 8.633129,
      "z": 39.9571266
    },
    {
      "x": 18.1188564,
      "y": 5.063123,
      "z": 45.0536346
    },
    {
      "x": 32.0923347,
      "y": 5.085275,
      "z": 47.6640778
    },
    {
      "x": 23.9675312,
      "y": 1.6643647,
      "z": 56.24548
    },
    {
      "x": 14.9902935,
      "y": 1.54594648,
      "z": 36.4069862
    }
  ],
  "interchange": [
    {
      "x": 211.258652,
      "y": 19.1901226,
      "z": -362.984436
    },
    {
      "x": 237.411453,
      "y": 22.1533852,
      "z": -331.765869
    },
    {
      "x": 273.1215,
      "y": 21.8638725,
      "z": -214.574951
    },
    {
      "x": 273.0844,
      "y": 21.86559,
      "z": -118.285751
    },
    {
      "x": 260.457245,
      "y": 21.8928967,
      "z": -43.99506
    },
    {
      "x": 274.2613,
      "y": 21.8254375,
      "z": 74.13373
    },
    {
      "x": 307.44577,
      "y": 20.38458,
      "z": -274.7346
    },
    {
      "x": 323.356079,
      "y": 21.2028351,
      "z": -163.308167
    },
    {
      "x": -143.090347,
      "y": 27.6066227,
      "z": 180.2215
    },
    {
      "x": -273.3014,
      "y": 22.1938782,
      "z": 156.37558
    },
    {
      "x": -172.691208,
      "y": 21.8254375,
      "z": 132.801117
    },
    {
      "x": -248.8819,
      "y": 21.82544,
      "z": -267.4412
    },
    {
      "x": -204.8294,
      "y": 30.80841,
      "z": -346.4929
    },
    {
      "x": -175.176636,
      "y": 21.8254356,
      "z": -393.4588
    }
  ],
  "laboratory": [],
  "lighthouse": [
    {
      "x": -148.131165,
      "y": 33.0202637,
      "z": 232.196075
    },
    {
      "x": -89.45726,
      "y": 35.9800529,
      "z": 412.069122
    },
    {
      "x": -220.98938,
      "y": 6.44640827,
      "z": 417.686462
    },
    {
      "x": 3.39315581,
      "y": 6.457621,
      "z": 273.181335
    },
    {
      "x": 8.214474,
      "y": 6.45759,
      "z": 183.54686
    },
    {
      "x": 105.231781,
      "y": 1.409542,
      "z": -53.10044
    },
    {
      "x": 118.04454,
      "y": 0.815564722,
      "z": -269.901184
    },
    {
      "x": -283.05658,
      "y": 15.7773571,
      "z": -152.031219
    },
    {
      "x": -357.600861,
      "y": 28.56699,
      "z": -548.0032
    },
    {
      "x": -177.542908,
      "y": 2.881143,
      "z": -361.4309
    },
    {
      "x": -321.559418,
      "y": 1.2295195460000001,
      "z": -285.672729
    },
    {
      "x": -309.780151,
      "y": 1.337138832,
      "z": -265.281464
    },
    {
      "x": -56.02588,
      "y": 12.115447,
      "z": 62.83077
    },
    {
      "x": -117.209175,
      "y": 25.6349564,
      "z": 240.5706
    },
    {
      "x": -6.44019651,
      "y": 6.347524,
      "z": 436.3963
    },
    {
      "x": -118.919609,
      "y": 11.0115089,
      "z": -867.547546
    },
    {
      "x": 41.5410423,
      "y": 11.020999,
      "z": -805.78186
    },
    {
      "x": 165.998413,
      "y": 2.91779518,
      "z": -707.2395
    },
    {
      "x": -138.945068,
      "y": 37.3540764,
      "z": 154.4614
    }
  ],
  "rezervbase": [
    {
      "x": 34.244854,
      "y": -0.29745185399999996,
      "z": -165.52475
    },
    {
      "x": -81.84773,
      "y": -6.57833624,
      "z": -139.84668
    },
    {
      "x": -70.1585541,
      "y": -18.32672,
      "z": 80.32257
    },
    {
      "x": -141.49823,
      "y": -9.90744,
      "z": 64.73703
    },
    {
      "x": -5.423219,
      "y": 30.1348171,
      "z": 168.527328
    },
    {
      "x": -35.6528931,
      "y": 5.86891127,
      "z": 145.207581
    },
    {
      "x": -193.665283,
      "y": -7.07202768,
      "z": -53.6095238
    },
    {
      "x": -175.940628,
      "y": -6.479239,
      "z": 117.512894
    },
    {
      "x": -32.7027626,
      "y": -6.446487,
      "z": 36.9128647
    },
    {
      "x": -43.75431,
      "y": -6.014112,
      "z": 22.10809
    },
    {
      "x": 33.1976471,
      "y": -6.451979,
      "z": -6.64785957
    }
  ],
  "shoreline": [
    {
      "x": 370.336121,
      "y": -54.12922,
      "z": -130.004868
    },
    {
      "x": -56.63187,
      "y": -17.6429348,
      "z": -266.596527
    },
    {
      "x": -343.274536,
      "y": -39.1471329,
      "z": 183.900833
    },
    {
      "x": -345.164459,
      "y": -59.2554932,
      "z": 450.597931
    },
    {
      "x": -434.142731,
      "y": -59.3447075,
      "z": 466.864
    },
    {
      "x": -191.904083,
      "y": -64.59185,
      "z": 451.90332
    },
    {
      "x": -88.4936752,
      "y": -47.2991676,
      "z": 379.011932
    },
    {
      "x": -182.476181,
      "y": -46.6247444,
      "z": 321.56192
    },
    {
      "x": -16.1672955,
      "y": -36.00432,
      "z": 57.67298
    },
    {
      "x": 342.920776,
      "y": -52.60104,
      "z": -46.3882561
    },
    {
      "x": -274.723724,
      "y": 2.65443873,
      "z": -326.6166
    },
    {
      "x": -214.563568,
      "y": -17.1404762,
      "z": 1.64999378
    },
    {
      "x": -658.685059,
      "y": -37.3970757,
      "z": -16.3340988
    },
    {
      "x": -57.1338921,
      "y": -25.72527,
      "z": -48.6768875
    }
  ],
  "tarkovstreets": [],
  "woods": [
    {
      "x": 440.755463,
      "y": -7.789365,
      "z": 38.6344337
    },
    {
      "x": 443.215,
      "y": -6.55717945,
      "z": 12.6241884
    },
    {
      "x": 403.9096,
      "y": -1.37851143,
      "z": -149.671051
    },
    {
      "x": 324.695374,
      "y": 4.26850486,
      "z": -193.185211
    },
    {
      "x": 205.2992,
      "y": 28.57555,
      "z": -312.296661
    },
    {
      "x": 162.859024,
      "y": 3.852831,
      "z": -38.742115
    },
    {
      "x": 260.721466,
      "y": -0.3514566,
      "z": -131.163208
    },
    {
      "x": 26.7105026,
      "y": 29.9298172,
      "z": -293.671417
    },
    {
      "x": -157.211823,
      "y": 25.5068512,
      "z": -601.2355
    },
    {
      "x": 298.833435,
      "y": 23.352602,
      "z": -446.9157
    },
    {
      "x": 319.59726,
      "y": 23.67145,
      "z": -638.077759
    },
    {
      "x": 155.0264,
      "y": 10.087855,
      "z": -549.045166
    },
    {
      "x": -101.737762,
      "y": 13.2318125,
      "z": -580.2739
    },
    {
      "x": -429.1667,
      "y": 9.772156,
      "z": -527.866943
    },
    {
      "x": -559.294739,
      "y": 22.0387516,
      "z": -250.421738
    },
    {
      "x": -459.3182,
      "y": 25.1142769,
      "z": -128.3647
    },
    {
      "x": -339.889862,
      "y": 13.2710028,
      "z": -106.506683
    },
    {
      "x": -211.017868,
      "y": 76.63688,
      "z": -270.919
    },
    {
      "x": -546.6522,
      "y": 15.5616541,
      "z": -211.051971
    },
    {
      "x": -430.921356,
      "y": 16.2786684,
      "z": -186.438751
    },
    {
      "x": -511.659363,
      "y": 16.5106926,
      "z": -176.889847
    },
    {
      "x": 247.547623,
      "y": -7.065467,
      "z": 304.677856
    },
    {
      "x": 355.4717,
      "y": -0.04704280000000005,
      "z": -89.83091
    },
    {
      "x": 230.469925,
      "y": 10.159401,
      "z": -485.499939
    },
    {
      "x": 81.51287,
      "y": 8.78842449,
      "z": -496.603058
    },
    {
      "x": 124.553604,
      "y": 8.095939640000001,
      "z": -621.697632
    },
    {
      "x": 311.624237,
      "y": 15.281229,
      "z": -670.952637
    },
    {
      "x": 195.604156,
      "y": 11.3580141,
      "z": -592.8544
    },
    {
      "x": 175.079453,
      "y": 10.6330614,
      "z": -551.0474
    },
    {
      "x": 115.196907,
      "y": 26.7959042,
      "z": -326.362
    },
    {
      "x": 139.548767,
      "y": 29.3436661,
      "z": -331.608063
    },
    {
      "x": 173.420013,
      "y": 9.717274,
      "z": -263.404541
    },
    {
      "x": 93.9766846,
      "y": 8.032005,
      "z": -170.947617
    },
    {
      "x": 85.3267059,
      "y": -14.7274227,
      "z": 110.782326
    },
    {
      "x": -53.08072,
      "y": -12.7061481,
      "z": 131.079788
    }
  ],
  "sandbox": [
    {
      "x": 136.816422,
      "y": 28.6955128,
      "z": 279.7089
    },
    {
      "x": 122.977036,
      "y": 23.89307,
      "z": 294.252075
    },
    {
      "x": 119.695923,
      "y": 33.34284,
      "z": 267.874847
    },
    {
      "x": 137.291092,
      "y": 23.2307358,
      "z": 212.572708
    },
    {
      "x": 124.995255,
      "y": 23.715498,
      "z": 191.3597
    },
    {
      "x": 118.501144,
      "y": 29.4655933,
      "z": 154.670547
    },
    {
      "x": 125.156685,
      "y": 29.43925,
      "z": 89.35103
    },
    {
      "x": 125.6253,
      "y": 29.4234314,
      "z": 113.45739
    },
    {
      "x": 120.070488,
      "y": 24.9442329,
      "z": 114.421616
    },
    {
      "x": -60.23611,
      "y": 24.698452,
      "z": 42.3922768
    },
    {
      "x": -25.2352314,
      "y": 24.699213,
      "z": 56.53281
    },
    {
      "x": -27.4792213,
      "y": 30.2097416,
      "z": 85.46938
    },
    {
      "x": 173.531448,
      "y": 17.4612217,
      "z": -6.298423
    },
    {
      "x": 58.77306,
      "y": 31.40412,
      "z": 131.0849
    },
    {
      "x": 49.42541,
      "y": 15.2336168,
      "z": 157.316269
    },
    {
      "x": 154.8506,
      "y": 23.2683678,
      "z": 38.88178
    },
    {
      "x": 126.300125,
      "y": 23.304493,
      "z": 23.0072575
    },
    {
      "x": -43.0123558,
      "y": 24.6793537,
      "z": 32.9782677
    },
    {
      "x": 30.590704,
      "y": 24.3751945,
      "z": 35.44925
    },
    {
      "x": 13.9142942,
      "y": 24.35617,
      "z": 95.52667
    }
  ],
  "sandbox_high": [
    {
      "x": 136.816422,
      "y": 28.6955128,
      "z": 279.7089
    },
    {
      "x": 122.977036,
      "y": 23.89307,
      "z": 294.252075
    },
    {
      "x": 119.695923,
      "y": 33.34284,
      "z": 267.874847
    },
    {
      "x": 137.291092,
      "y": 23.2307358,
      "z": 212.572708
    },
    {
      "x": 124.995255,
      "y": 23.715498,
      "z": 191.3597
    },
    {
      "x": 118.501144,
      "y": 29.4655933,
      "z": 154.670547
    },
    {
      "x": 125.156685,
      "y": 29.43925,
      "z": 89.35103
    },
    {
      "x": 125.6253,
      "y": 29.4234314,
      "z": 113.45739
    },
    {
      "x": 120.070488,
      "y": 24.9442329,
      "z": 114.421616
    },
    {
      "x": -60.23611,
      "y": 24.698452,
      "z": 42.3922768
    },
    {
      "x": -25.2352314,
      "y": 24.699213,
      "z": 56.53281
    },
    {
      "x": -27.4792213,
      "y": 30.2097416,
      "z": 85.46938
    },
    {
      "x": 173.531448,
      "y": 17.4612217,
      "z": -6.298423
    },
    {
      "x": 58.77306,
      "y": 31.40412,
      "z": 131.0849
    },
    {
      "x": 49.42541,
      "y": 15.2336168,
      "z": 157.316269
    },
    {
      "x": 154.8506,
      "y": 23.2683678,
      "z": 38.88178
    },
    {
      "x": 126.300125,
      "y": 23.304493,
      "z": 23.0072575
    },
    {
      "x": -43.0123558,
      "y": 24.6793537,
      "z": 32.9782677
    },
    {
      "x": 30.590704,
      "y": 24.3751945,
      "z": 35.44925
    },
    {
      "x": 13.9142942,
      "y": 24.35617,
      "z": 95.52667
    }
  ]
}
