{
  "bots": {
    "lowLevelAIs": ["assault"],
    "midLevelAIs": [
      "marksman",
      "cursedassault",
      "sectantpriest",
      "sectantwarrior",
      "pmcbot",
      "followergluharassault",
      "followergluharscout",
      "followergluharsecurity",
      "followergluharsnipe",
      "followerkojaniy",
      "followersanitar",
      "followerbully",
      "followertagilla",
      "followerbirdeye",
      "followerbigpipe",
      "followerzryachiy",
      "arenafighterevent",
      "bossbully"
    ],
    "highLevelAIs": ["assaultgroup", "bear", "usec", "exusec"],
    "bossLevelAIs": [
      "bossgluhar",
      "bosskilla",
      "bosskojaniy",
      "bosssanitar",
      "bosstagilla",
      "bossknight",
      "bossboar",
      "bosskolontay",
      "bosspartisan",
      "followerbigpipe",
      "followerbirdeye"
    ]
  },
  "DO NOT TOUCH THE ABOVE, THIS IS NOT POOP": "NO SUPPORT WILL BE GIVEN",
  "lowLevelDifficultyModifier": 0,
  "midLevelDifficultyModifier": 0,
  "highLevelDifficultyModifier": 0,
  "bossLevelDifficultyModifier": 0,
  "botGroupDistance": 100,
  "pmcDifficultyMaxLevel": 55,
  "overallDifficultyMultipliers": {
    "aiAimSpeedMult": 0.8,
    "aiShotSpreadMult": 1,
    "aiVisionSpeedMult": 1,
    "aiAccuracyMult": 1.3,
    "visibleDistanceMult": 1,
    "sniperBotAccuracyMult": 1.2,
    "semiAutoFireRateMult": 1,
    "aiRecoilMult": 1.1,
    "aiHearingMult": 1.2,
    "visibleAngleMult": 1,
    "visibleAngleMax": 270,
    "grenadePrecisionMult": 1,
    "grenadeThrowRangeMax": 20,
    "grenadeThrowRangeMult": 1,
    "allowAimAtHead": true,
    "allowGrenades": true
  }
}
