{
  "bigmap": [
    {
      "x": -235.514816,
      "y": 1.71511328,
      "z": -90.65792
    },
    {
      "x": 375.373779,
      "y": 11.0117579,
      "z": 155.3459
    },
    {
      "x": 539.9962,
      "y": 12.5253057,
      "z": 165.450333
    },
    {
      "x": 586.187561,
      "y": 9.813362,
      "z": 141.6987
    },
    {
      "x": 617.64,
      "y": 2.97147727,
      "z": 87.2145538
    },
    {
      "x": 649.393738,
      "y": 2.4090439999999997,
      "z": 49.1529655
    },
    {
      "x": 647.832031,
      "y": 0.45541042460000003,
      "z": -16.4535866
    },
    {
      "x": 570.888,
      "y": 9.679792,
      "z": -124.946266
    },
    {
      "x": 573.312439,
      "y": 7.23252,
      "z": -55.1983948
    },
    {
      "x": 385.6326,
      "y": 1.84112751,
      "z": -109.0065
    },
    {
      "x": 327.154022,
      "y": 10.006629,
      "z": -74.3271561
    },
    {
      "x": 346.438171,
      "y": 1.72811913,
      "z": -77.25114
    },
    {
      "x": 314.941437,
      "y": 1.66246521,
      "z": -90.0657654
    },
    {
      "x": 285.944763,
      "y": 1.96794569,
      "z": -40.2178154
    },
    {
      "x": 275.077545,
      "y": 2.044823,
      "z": -13.4269781
    },
    {
      "x": 249.480133,
      "y": 5.72205544,
      "z": -33.0787659
    },
    {
      "x": 261.793854,
      "y": 6.36171961,
      "z": -66.88628
    },
    {
      "x": 292.700531,
      "y": 1.606755,
      "z": -82.14554
    },
    {
      "x": 249.8792,
      "y": 1.82383776,
      "z": -216.285156
    },
    {
      "x": 86.2089844,
      "y": 1.62022269,
      "z": -169.991531
    },
    {
      "x": -18.3804474,
      "y": -7.07633972,
      "z": 100.548088
    },
    {
      "x": 488.2746,
      "y": 4.633864,
      "z": -147.154587
    },
    {
      "x": 274.49176,
      "y": 3.42755079,
      "z": 151.438309
    },
    {
      "x": 180.905624,
      "y": 1.7817235,
      "z": -226.564331
    },
    {
      "x": 82.4062958,
      "y": 1.98480439,
      "z": -146.307114
    },
    {
      "x": -215.166428,
      "y": 1.68568707,
      "z": -106.748978
    },
    {
      "x": -228.426392,
      "y": 1.301838636,
      "z": -150.367218
    },
    {
      "x": 184.013443,
      "y": -1.26495123,
      "z": 201.694061
    },
    {
      "x": 294.7861,
      "y": 4.07159734,
      "z": 96.28285
    },
    {
      "x": 320.965637,
      "y": 4.698986,
      "z": 11.9264107
    },
    {
      "x": 270.553558,
      "y": 4.635361,
      "z": 181.503891
    },
    {
      "x": 255.152527,
      "y": 0.43899893759999997,
      "z": 160.279846
    },
    {
      "x": 247.165329,
      "y": -0.11888974900000004,
      "z": 134.349274
    },
    {
      "x": 224.211563,
      "y": -0.20601539999999996,
      "z": 114.647507
    },
    {
      "x": 191.076233,
      "y": -0.9109389999999999,
      "z": 110.596725
    },
    {
      "x": 151.840515,
      "y": -0.6054667199999999,
      "z": 121.658409
    },
    {
      "x": 125.400879,
      "y": 0.4505230263,
      "z": 133.79393
    },
    {
      "x": 32.0457039,
      "y": -0.16172419999999998,
      "z": 121.800728
    },
    {
      "x": -117.757523,
      "y": -4.037934,
      "z": 36.26771
    },
    {
      "x": -125.734436,
      "y": -3.00606179,
      "z": -26.928791
    }
  ],
  "factory4_day": [
    {
      "x": -5.679021,
      "y": 8.881359,
      "z": -26.3386173
    },
    {
      "x": 9.079021,
      "y": 4.0276048200000005,
      "z": -38.5319939
    },
    {
      "x": 28.2991257,
      "y": 4.07116866,
      "z": -31.3675442
    },
    {
      "x": 68.7076645,
      "y": 0.5511049777,
      "z": -7.81235647
    },
    {
      "x": 11.2736158,
      "y": 1.64256132,
      "z": 58.3516159
    },
    {
      "x": 29.4325447,
      "y": 1.4928648469999999,
      "z": 43.576622
    }
  ],
  "factory4_night": [
    {
      "x": -5.679021,
      "y": 8.881359,
      "z": -26.3386173
    },
    {
      "x": 9.079021,
      "y": 4.0276048200000005,
      "z": -38.5319939
    },
    {
      "x": 28.2991257,
      "y": 4.07116866,
      "z": -31.3675442
    },
    {
      "x": 68.7076645,
      "y": 0.5511049777,
      "z": -7.81235647
    },
    {
      "x": 11.2736158,
      "y": 1.64256132,
      "z": 58.3516159
    },
    {
      "x": 29.4325447,
      "y": 1.4928648469999999,
      "z": 43.576622
    }
  ],
  "interchange": [
    {
      "x": 446.206116,
      "y": 18.1065464,
      "z": -292.665222
    },
    {
      "x": 124.291664,
      "y": 21.826746,
      "z": 271.128418
    },
    {
      "x": -344.8051,
      "y": 21.50156,
      "z": 264.128967
    },
    {
      "x": -326.361664,
      "y": 21.8861561,
      "z": 261.583374
    },
    {
      "x": -287.247681,
      "y": 21.8254337,
      "z": 225.601791
    },
    {
      "x": -67.20804,
      "y": 21.8254356,
      "z": -353.0317
    },
    {
      "x": 13.7416363,
      "y": 21.8933,
      "z": -255.47084
    },
    {
      "x": -45.6252861,
      "y": 21.9879189,
      "z": -64.93814
    },
    {
      "x": -124.404755,
      "y": 27.5862,
      "z": -166.61203
    },
    {
      "x": -60.7056847,
      "y": 27.6426926,
      "z": 60.014164
    },
    {
      "x": -13.0514126,
      "y": 27.5936089,
      "z": 53.85792
    },
    {
      "x": -59.0381966,
      "y": 27.58648,
      "z": 85.46995
    },
    {
      "x": 57.26041,
      "y": 27.5913048,
      "z": -4.55139875
    },
    {
      "x": 76.51547,
      "y": 27.58646,
      "z": 62.9798431
    },
    {
      "x": -3.152739,
      "y": 27.5864754,
      "z": -54.5857468
    },
    {
      "x": -19.0746117,
      "y": 27.6992855,
      "z": -43.3713074
    },
    {
      "x": -2.914417,
      "y": 27.6992855,
      "z": -25.9387226
    },
    {
      "x": 8.257145,
      "y": 27.6491566,
      "z": -12.7488337
    },
    {
      "x": -132.975723,
      "y": 27.6298332,
      "z": 13.0758
    },
    {
      "x": 103.686417,
      "y": 21.9332,
      "z": -58.8592529
    },
    {
      "x": 38.5032845,
      "y": 37.0696449,
      "z": -64.47136
    },
    {
      "x": 72.4890442,
      "y": 37.1878052,
      "z": -64.1576157
    },
    {
      "x": 95.6903839,
      "y": 37.1878052,
      "z": -53.1560249
    },
    {
      "x": -4.06011152,
      "y": 37.06964,
      "z": -29.1265564
    },
    {
      "x": -32.19452,
      "y": 37.06964,
      "z": -44.561512
    },
    {
      "x": -26.38217,
      "y": 21.9310627,
      "z": 22.2457352
    },
    {
      "x": 29.7248058,
      "y": 21.83612,
      "z": 33.8304558
    },
    {
      "x": 31.37312,
      "y": 21.8254242,
      "z": 151.695831
    }
  ],
  "laboratory": [],
  "lighthouse": [
    {
      "x": -138.759735,
      "y": 22.344717,
      "z": 298.995026
    },
    {
      "x": 107.747215,
      "y": 0.646862835,
      "z": 551.5041
    },
    {
      "x": 119.693924,
      "y": 0.815569371,
      "z": -163.307343
    },
    {
      "x": -407.4164,
      "y": 14.8516836,
      "z": -475.0829
    },
    {
      "x": -124.275848,
      "y": 1.084059656,
      "z": -353.473755
    },
    {
      "x": -344.0873,
      "y": 10.78395,
      "z": -189.107147
    },
    {
      "x": -72.95316,
      "y": 13.4610224,
      "z": 237.904449
    },
    {
      "x": -52.01755,
      "y": 9.415716,
      "z": 280.982971
    },
    {
      "x": -126.961792,
      "y": 0.624748014,
      "z": 525.7007
    },
    {
      "x": -273.731537,
      "y": 14.330102,
      "z": -195.1435
    },
    {
      "x": -262.871979,
      "y": 1.4993639,
      "z": -348.9483
    },
    {
      "x": -30.5226479,
      "y": 12.4621935,
      "z": -886.108643
    },
    {
      "x": 55.59912,
      "y": 11.0115089,
      "z": -896.057251
    },
    {
      "x": 107.381256,
      "y": 5.11968136,
      "z": -934.385559
    },
    {
      "x": -344.3486,
      "y": 27.353611,
      "z": -658.0147
    },
    {
      "x": -125.909645,
      "y": 32.9849548,
      "z": 162.170563
    }
  ],
  "rezervbase": [
    {
      "x": -0.8466827,
      "y": -6.56154871,
      "z": -200.959717
    },
    {
      "x": 69.502594,
      "y": -6.48131371,
      "z": -225.894562
    },
    {
      "x": -292.510254,
      "y": -5.76621151,
      "z": -78.32959
    },
    {
      "x": -259.83963,
      "y": -5.44681168,
      "z": 51.8360252
    },
    {
      "x": -32.25938,
      "y": 19.0377769,
      "z": 173.245392
    },
    {
      "x": -66.12207,
      "y": -15.323307,
      "z": 166.748627
    },
    {
      "x": -115.467636,
      "y": -14.0357494,
      "z": 37.0463066
    },
    {
      "x": 272.105133,
      "y": -6.473955,
      "z": 13.4919682
    },
    {
      "x": 218.881165,
      "y": -6.451986,
      "z": -110.935707
    },
    {
      "x": 189.465942,
      "y": -6.30287933,
      "z": -216.501923
    },
    {
      "x": 162.844543,
      "y": -6.343725,
      "z": -236.902481
    },
    {
      "x": -7.877653,
      "y": 19.5167141,
      "z": 191.588013
    }
  ],
  "shoreline": [
    {
      "x": -292.390167,
      "y": -34.5392532,
      "z": 157.488846
    },
    {
      "x": -110.234634,
      "y": -41.6665573,
      "z": 355.3756
    },
    {
      "x": 33.320118,
      "y": -46.29929,
      "z": 119.379257
    },
    {
      "x": -414.384949,
      "y": -18.00421,
      "z": -269.216827
    },
    {
      "x": -108.520767,
      "y": -41.01313,
      "z": 274.7408
    },
    {
      "x": -713.2729,
      "y": -46.5427856,
      "z": 376.357727
    },
    {
      "x": -810.128845,
      "y": -52.685215,
      "z": 357.9311
    },
    {
      "x": -831.979,
      "y": -44.0417328,
      "z": 104.6881
    },
    {
      "x": 48.83184,
      "y": -36.6432571,
      "z": -17.975769
    },
    {
      "x": 38.7559357,
      "y": -20.93227,
      "z": -113.655991
    },
    {
      "x": -663.9199,
      "y": -26.33351,
      "z": -241.42218
    },
    {
      "x": -684.342163,
      "y": -26.0761948,
      "z": -215.379089
    },
    {
      "x": -674.3177,
      "y": -26.3148174,
      "z": -181.81842
    },
    {
      "x": -527.282043,
      "y": -18.1195164,
      "z": -334.8053
    },
    {
      "x": -7.023548,
      "y": -59.17309,
      "z": 373.640076
    },
    {
      "x": -389.126465,
      "y": -59.2554932,
      "z": 450.100037
    },
    {
      "x": -475.738678,
      "y": -59.255497,
      "z": 455.802338
    },
    {
      "x": -645.7365,
      "y": -53.13785,
      "z": 346.057831
    },
    {
      "x": -726.2845,
      "y": -41.13844,
      "z": 334.0819
    },
    {
      "x": -545.7296,
      "y": -31.0189171,
      "z": -128.043472
    }
  ],
  "tarkovstreets": [],
  "woods": [
    {
      "x": 369.19278,
      "y": 0.53812469,
      "z": -163.258347
    },
    {
      "x": 293.084,
      "y": 7.1461,
      "z": -251.827377
    },
    {
      "x": 33.17424,
      "y": 35.81081,
      "z": -327.0943
    },
    {
      "x": 24.5087166,
      "y": 23.7123184,
      "z": -396.8567
    },
    {
      "x": -160.655685,
      "y": 19.0995445,
      "z": -424.976471
    },
    {
      "x": 66.99521,
      "y": 15.74468,
      "z": -790.8915
    },
    {
      "x": 304.1156,
      "y": 23.581913,
      "z": -611.909241
    },
    {
      "x": 21.492918,
      "y": 11.8092976,
      "z": -550.3476
    },
    {
      "x": -511.078552,
      "y": 14.204133,
      "z": -91.32903
    },
    {
      "x": -527.2279,
      "y": 7.76844358,
      "z": 148.111267
    },
    {
      "x": -178.88089,
      "y": 50.893055,
      "z": -222.052734
    },
    {
      "x": -535.668152,
      "y": 11.0035973,
      "z": -133.141312
    },
    {
      "x": 194.299759,
      "y": -14.4182987,
      "z": 262.024658
    },
    {
      "x": 289.369263,
      "y": 12.0692568,
      "z": -566.685852
    },
    {
      "x": -46.5257339,
      "y": 9.384923,
      "z": -602.5932
    },
    {
      "x": -80.87197,
      "y": -4.05404329,
      "z": 158.338455
    },
    {
      "x": -286.2295,
      "y": 11.0952225,
      "z": -44.5139275
    },
    {
      "x": -227.722748,
      "y": 11.0703936,
      "z": -18.3279839
    },
    {
      "x": -164.433945,
      "y": 12.0377178,
      "z": 18.6597538
    },
    {
      "x": -20.99698,
      "y": 15.6939211,
      "z": -231.1298
    },
    {
      "x": -48.5224762,
      "y": 21.8124084,
      "z": -261.8402
    },
    {
      "x": -0.223655358,
      "y": 25.13237,
      "z": -277.855
    },
    {
      "x": -79.7386856,
      "y": 28.3564415,
      "z": -324.288452
    },
    {
      "x": -589.8979,
      "y": 14.0588245,
      "z": -370.177032
    },
    {
      "x": -407.0367,
      "y": 16.98802,
      "z": -345.946869
    },
    {
      "x": -339.451752,
      "y": 9.988096,
      "z": -558.315552
    },
    {
      "x": -253.624252,
      "y": 11.9352074,
      "z": -637.524841
    },
    {
      "x": 5.48920965,
      "y": 10.7130795,
      "z": -744.885254
    },
    {
      "x": 109.74057,
      "y": 21.4577579,
      "z": -396.137115
    },
    {
      "x": 233.20343,
      "y": 27.7301483,
      "z": -320.3957
    },
    {
      "x": 188.078613,
      "y": 28.4282646,
      "z": -309.707458
    },
    {
      "x": 114.109009,
      "y": 26.26976,
      "z": -324.133362
    },
    {
      "x": 67.88875,
      "y": 32.3777447,
      "z": -325.8311
    },
    {
      "x": 356.3839,
      "y": 15.6048393,
      "z": -375.216034
    },
    {
      "x": 353.8394,
      "y": 11.2490816,
      "z": -441.2975
    },
    {
      "x": 246.337921,
      "y": 4.02692771,
      "z": -231.689377
    },
    {
      "x": 293.684967,
      "y": -2.987185,
      "z": 80.18842
    },
    {
      "x": 265.2839,
      "y": -9.178231,
      "z": 189.151733
    },
    {
      "x": 49.1535759,
      "y": -7.177124,
      "z": 64.50428
    },
    {
      "x": 10.7948055,
      "y": -3.177351,
      "z": 42.5892677
    },
    {
      "x": 55.7691536,
      "y": -2.17705059,
      "z": -79.7449341
    },
    {
      "x": -96.46032,
      "y": 7.068636,
      "z": 60.8101654
    }
  ],
  "sandbox": [
    {
      "x": 129.421143,
      "y": 23.9573441,
      "z": 293.009033
    },
    {
      "x": 113.164185,
      "y": 33.319603,
      "z": 282.538727
    },
    {
      "x": 48.6474152,
      "y": 23.9374447,
      "z": 157.17392
    },
    {
      "x": 115.092773,
      "y": 24.9380016,
      "z": 142.257156
    },
    {
      "x": 101.9017,
      "y": 29.4764881,
      "z": 111.925575
    },
    {
      "x": 128.609482,
      "y": 24.9139576,
      "z": 92.77304
    },
    {
      "x": -26.6534958,
      "y": 24.7057018,
      "z": 22.3732262
    },
    {
      "x": -26.66907,
      "y": 24.6810627,
      "z": -16.0451965
    },
    {
      "x": -41.6530876,
      "y": 30.2298813,
      "z": 63.5666428
    },
    {
      "x": -15.5884218,
      "y": 30.2231712,
      "z": 76.8380051
    },
    {
      "x": 175.026276,
      "y": 17.428,
      "z": 28.9653358
    },
    {
      "x": 50.16706,
      "y": 31.40412,
      "z": 147.336731
    },
    {
      "x": 78.1081543,
      "y": 14.5159016,
      "z": 173.353226
    },
    {
      "x": 130.68251,
      "y": 23.3459148,
      "z": 7.57552528
    },
    {
      "x": 107.514496,
      "y": 24.9085712,
      "z": 93.20195
    },
    {
      "x": 216.797638,
      "y": 16.517622,
      "z": 33.8977356
    }
  ],
  "sandbox_high": [
    {
      "x": 129.421143,
      "y": 23.9573441,
      "z": 293.009033
    },
    {
      "x": 113.164185,
      "y": 33.319603,
      "z": 282.538727
    },
    {
      "x": 48.6474152,
      "y": 23.9374447,
      "z": 157.17392
    },
    {
      "x": 115.092773,
      "y": 24.9380016,
      "z": 142.257156
    },
    {
      "x": 101.9017,
      "y": 29.4764881,
      "z": 111.925575
    },
    {
      "x": 128.609482,
      "y": 24.9139576,
      "z": 92.77304
    },
    {
      "x": -26.6534958,
      "y": 24.7057018,
      "z": 22.3732262
    },
    {
      "x": -26.66907,
      "y": 24.6810627,
      "z": -16.0451965
    },
    {
      "x": -41.6530876,
      "y": 30.2298813,
      "z": 63.5666428
    },
    {
      "x": -15.5884218,
      "y": 30.2231712,
      "z": 76.8380051
    },
    {
      "x": 175.026276,
      "y": 17.428,
      "z": 28.9653358
    },
    {
      "x": 50.16706,
      "y": 31.40412,
      "z": 147.336731
    },
    {
      "x": 78.1081543,
      "y": 14.5159016,
      "z": 173.353226
    },
    {
      "x": 130.68251,
      "y": 23.3459148,
      "z": 7.57552528
    },
    {
      "x": 107.514496,
      "y": 24.9085712,
      "z": 93.20195
    },
    {
      "x": 216.797638,
      "y": 16.517622,
      "z": 33.8977356
    }
  ]
}