{
  "bigmap": [
    {
      "x": 369.272278,
      "y": 11.2302418,
      "z": -72.96668
    },
    {
      "x": 197.6982,
      "y": 20.6448269,
      "z": -99.9941
    },
    {
      "x": 426.789185,
      "y": 8.655911,
      "z": 141.028671
    },
    {
      "x": 655.7491,
      "y": 13.0718241,
      "z": 5.93848372
    },
    {
      "x": -121.7867,
      "y": 5.632545,
      "z": -0.798637152
    }
  ],
  "factory4_day": [],
  "factory4_night": [],
  "interchange": [],
  "laboratory": [],
  "lighthouse": [],
  "rezervbase": [],
  "shoreline": [],
  "tarkovstreets": [],
  "woods": [
    {
      "x": 107.892273,
      "y": -0.4766239,
      "z": 114.376709
    },
    {
      "x": 347.58255,
      "y": 8.07130527,
      "z": -81.14405
    },
    {
      "x": 256.352234,
      "y": 29.62652,
      "z": -443.1618
    },
    {
      "x": -588.0022,
      "y": 32.740387,
      "z": -149.905914
    },
    {
      "x": 83.43207,
      "y": 16.8122787,
      "z": -148.1193
    }
  ],
  "sandbox": [],
  "sandbox_high": []
}